rk,player,nation,pos,squad,age,born,90s,tkl,tklw,def_3rd,mid_3rd,att_3rd,tkl,att,tkl,lost,blocks,sh,pass,int,tkl_int,clr,err,matches
1,Ragnar Ache,de GER,"DF,FW",Köln,27-042,1998,0.4,0,0,0,0,0,0,0,,0,1,0,1,0,0,3,0,Matches
2,Junior Adamu,at AUT,FW,Freiburg,24-094,2001,0.1,0,0,0,0,0,0,0,,0,0,0,0,0,0,0,0,Matches
3,Karim Adeyemi,de GER,FW,Dortmund,23-233,2002,0.5,0,0,0,0,0,0,2,0.0,2,0,0,0,1,1,1,0,Matches
4,Oladapo Afolayan,eng ENG,FW,St. Pauli,27-208,1998,0.0,0,0,0,0,0,0,0,,0,0,0,0,0,0,0,0,Matches
5,Felix Agu,ng NGA,DF,Werder Bremen,25-346,1999,2.0,6,5,3,2,1,2,6,33.3,4,2,1,1,1,7,8,1,Matches
6,Kevin Akpoguma,ng NGA,DF,Hoffenheim,30-142,1995,0.2,1,0,1,0,0,1,1,100.0,0,0,0,0,1,2,3,0,Matches
7,Skelly Alvero,fr FRA,DF,Werder Bremen,23-127,2002,0.3,0,0,0,0,0,0,0,,0,0,0,0,1,1,3,0,Matches
8,Nadiem Amiri,de GER,MF,Mainz 05,28-316,1996,1.7,2,0,0,2,0,1,2,50.0,1,3,0,3,3,5,1,0,Matches
9,Mohamed Amoura,dz ALG,FW,Wolfsburg,25-122,2000,0.5,0,0,0,0,0,0,0,,0,1,0,1,0,0,0,0,Matches
10,Robert Andrich,de GER,MF,Leverkusen,30-351,1994,2.0,4,4,2,2,0,2,2,100.0,0,0,0,0,3,7,3,0,Matches
11,Ilyas Ansah,de GER,FW,Union Berlin,20-304,2004,1.6,1,0,0,0,1,0,0,,0,0,0,0,0,1,2,0,Matches
12,Aaron Anselmino,ar ARG,DF,Dortmund,20-132,2005,0.8,2,2,2,0,0,2,2,100.0,0,0,0,0,0,2,5,1,Matches
13,Waldemar Anton,de GER,DF,Dortmund,29-050,1996,2.0,4,0,1,3,0,1,2,50.0,1,1,1,0,2,6,19,1,Matches
14,Maximilian Arnold,de GER,MF,Wolfsburg,31-104,1994,2.0,1,1,0,1,0,1,2,50.0,1,2,2,0,6,7,9,0,Matches
15,Arthur,br BRA,DF,Leverkusen,22-175,2003,0.5,2,2,2,0,0,1,2,50.0,1,0,0,0,0,2,0,0,Matches
16,Fisnik Asllani,xk KVX,FW,Hoffenheim,23-031,2002,1.8,1,0,1,0,0,1,4,25.0,3,1,0,1,1,2,2,0,Matches
17,Lorenz Assignon,tg TOG,MF,Stuttgart,25-078,2000,0.2,2,1,2,0,0,1,1,100.0,0,1,1,0,0,2,0,0,Matches
18,Noah Atubolu,de GER,GK,Freiburg,23-106,2002,2.0,0,0,0,0,0,0,0,,0,0,0,0,0,0,2,0,Matches
19,Leon Avdullahu,xk KVX,MF,Hoffenheim,21-197,2004,2.0,1,1,0,1,0,0,2,0.0,2,2,1,1,0,1,1,0,Matches
20,Mio Backhaus,de GER,GK,Werder Bremen,21-145,2004,2.0,0,0,0,0,0,0,0,,0,0,0,0,0,0,3,0,Matches
21,Loïc Bade,fr FRA,DF,Leverkusen,25-150,2000,0.2,0,0,0,0,0,0,0,,0,0,0,0,0,0,2,0,Matches
22,Johan Bakayoko,be BEL,FW,RB Leipzig,22-141,2003,1.5,2,1,0,2,0,1,4,25.0,3,1,0,1,0,2,1,0,Matches
23,Ridle Baku,de GER,DF,RB Leipzig,27-153,1998,2.0,7,5,5,1,1,5,7,71.4,2,6,1,5,2,9,7,0,Matches
24,Noahkai Banks,us USA,MF,Augsburg,18-281,2006,0.0,1,0,0,1,0,1,1,100.0,0,1,1,0,1,2,1,0,Matches
25,Ezechiel Banzuzi,nl NED,MF,RB Leipzig,20-204,2005,1.0,2,1,2,0,0,1,2,50.0,1,0,0,0,0,2,4,0,Matches
26,Michy Batshuayi,be BEL,FW,Eint Frankfurt,31-341,1993,0.1,1,1,0,1,0,1,1,100.0,0,0,0,0,0,1,0,0,Matches
27,Oliver Baumann,de GER,GK,Hoffenheim,35-098,1990,2.0,0,0,0,0,0,0,0,,0,0,0,0,0,0,3,0,Matches
28,Christoph Baumgartner,at AUT,"MF,FW",RB Leipzig,26-038,1999,1.2,2,2,1,1,0,1,5,20.0,4,1,0,1,0,2,1,0,Matches
29,Adrian Beck,de GER,"MF,DF",Heidenheim,28-091,1997,0.4,0,0,0,0,0,0,2,0.0,2,0,0,0,0,0,0,0,Matches
30,Maximilian Beier,de GER,MF,Dortmund,22-326,2002,0.8,0,0,0,0,0,0,0,,0,1,1,0,0,0,0,0,Matches
31,Stefan Bell,de GER,DF,Mainz 05,34-015,1991,0.8,1,1,1,0,0,1,1,100.0,0,1,1,0,1,2,6,0,Matches
32,Jobe Bellingham,eng ENG,MF,Dortmund,19-350,2005,1.3,2,1,0,1,1,1,1,100.0,0,2,0,2,1,3,4,0,Matches
33,Ramy Bensebaini,dz ALG,DF,Dortmund,30-145,1995,2.0,1,0,1,0,0,0,1,0.0,1,1,1,0,1,2,22,0,Matches
34,Bernardo,br BRA,DF,Hoffenheim,30-117,1995,1.9,7,6,2,3,2,3,4,75.0,1,3,0,3,2,9,5,0,Matches
35,Leonardo Bittencourt,de GER,MF,Werder Bremen,31-263,1993,1.1,2,2,0,0,2,1,3,33.3,2,2,0,2,0,2,1,0,Matches
36,Ben Bobzien,de GER,FW,Mainz 05,22-132,2003,0.1,2,2,0,2,0,1,1,100.0,0,0,0,0,0,2,0,0,Matches
37,Sacha Boey,fr FRA,DF,Bayern Munich,24-360,2000,0.5,0,0,0,0,0,0,0,,0,1,0,1,1,1,1,1,Matches
38,Julian Brandt,de GER,"MF,FW",Dortmund,29-129,1996,1.5,2,2,1,1,0,2,2,100.0,0,1,0,1,0,2,1,0,Matches
39,Nathaniel Brown,de GER,FW,Eint Frankfurt,22-084,2003,0.4,0,0,0,0,0,0,0,,0,1,0,1,0,0,0,0,Matches
40,Marius Bülter,de GER,FW,Köln,32-163,1993,1.8,2,2,0,1,1,0,0,,0,1,1,0,1,3,3,0,Matches
41,Wouter Burger,nl NED,MF,Hoffenheim,24-204,2001,0.5,0,0,0,0,0,0,0,,0,1,0,1,0,0,0,0,Matches
42,Jonathan Burkardt,de GER,FW,Eint Frankfurt,25-059,2000,0.7,0,0,0,0,0,0,0,,0,1,0,1,0,0,0,0,Matches
43,Oliver Burke,sct SCO,FW,Union Berlin,28-154,1997,0.4,0,0,0,0,0,0,1,0.0,1,0,0,0,1,1,0,0,Matches
44,Marnon Busch,de GER,DF,Heidenheim,30-274,1994,2.0,5,2,5,0,0,4,4,100.0,0,2,0,2,2,7,6,0,Matches
45,Aurélio Buta,pt POR,"DF,FW",Eint Frankfurt,28-210,1997,0.1,0,0,0,0,0,0,1,0.0,1,0,0,0,0,0,2,0,Matches
46,Anthony Caci,fr FRA,"MF,DF",Mainz 05,28-069,1997,1.7,3,2,0,1,2,0,0,,0,4,0,4,1,4,2,0,Matches
47,Nicolás Capaldo,ar ARG,MF,Hamburger SV,27-359,1997,1.8,1,1,1,0,0,1,2,50.0,1,2,0,2,1,2,1,0,Matches
48,Abdoulie Ceesay,gm GAM,FW,St. Pauli,21-246,2004,0.3,0,0,0,0,0,0,0,,0,0,0,0,0,0,0,0,Matches
49,Václav Černý,cz CZE,FW,Wolfsburg,27-326,1997,0.5,0,0,0,0,0,0,1,0.0,1,1,0,1,0,0,2,0,Matches
50,Julian Chabot,de GER,DF,Stuttgart,27-208,1998,0.9,0,0,0,0,0,0,1,0.0,1,0,0,0,1,1,7,0,Matches
51,Fares Chaïbi,dz ALG,MF,Eint Frankfurt,22-284,2002,2.0,6,4,4,1,1,4,8,50.0,4,4,1,3,3,9,2,0,Matches
52,Arthur Chaves,br BRA,DF,Hoffenheim,24-222,2001,1.5,5,4,4,1,0,1,4,25.0,3,2,0,2,2,7,7,0,Matches
53,Chema,es ESP,MF,Stuttgart,20-136,2005,0.3,0,0,0,0,0,0,0,,0,1,0,1,1,1,1,0,Matches
54,Fabio Chiarodia,it ITA,"DF,MF",Gladbach,20-095,2005,0.9,2,1,2,0,0,0,0,,0,0,0,0,1,3,3,0,Matches
55,Carney Chukwuemeka,eng ENG,MF,Dortmund,21-323,2003,0.2,0,0,0,0,0,0,0,,0,0,0,0,0,0,0,0,Matches
56,Nnamdi Collins,de GER,DF,Eint Frankfurt,21-241,2004,2.0,5,2,2,1,2,3,5,60.0,2,4,0,4,3,8,9,0,Matches
57,Sirlord Conteh,de GER,FW,Heidenheim,29-061,1996,0.4,0,0,0,0,0,0,0,,0,0,0,0,1,1,0,0,Matches
58,Danny da Costa,de GER,DF,Mainz 05,32-057,1993,2.0,1,1,0,0,1,1,1,100.0,0,2,1,1,3,4,7,0,Matches
59,Vladimír Coufal,cz CZE,DF,Hoffenheim,33-017,1992,2.0,3,2,3,0,0,2,2,100.0,0,1,0,1,3,6,6,0,Matches
60,Abdoul Coulibaly,de GER,DF,Werder Bremen,18-108,2007,1.1,0,0,0,0,0,0,1,0.0,1,1,1,0,1,1,7,2,Matches
61,Yan Couto,br BRA,DF,Dortmund,23-097,2002,2.0,3,3,2,0,1,2,2,100.0,0,2,0,2,1,4,2,0,Matches
62,Patrice Čović,hr CRO,"MF,FW",Werder Bremen,18-075,2007,1.0,0,0,0,0,0,0,2,0.0,2,2,0,2,0,0,1,0,Matches
63,Finn Dahmen,de GER,GK,Augsburg,27-165,1998,2.0,0,0,0,0,0,0,0,,0,0,0,0,0,0,6,2,Matches
64,Muhammed Damar,de GER,MF,Hoffenheim,21-152,2004,0.4,0,0,0,0,0,0,0,,0,0,0,0,0,0,0,0,Matches
65,Ermedin Demirović,ba BIH,FW,Stuttgart,27-167,1998,1.7,1,0,0,0,1,0,0,,0,2,0,2,1,2,2,1,Matches
66,Rav van den Berg,nl NED,DF,Köln,21-063,2004,1.0,1,0,0,1,0,1,1,100.0,0,2,1,1,0,1,11,0,Matches
67,Luis Díaz,co COL,FW,Bayern Munich,28-238,1997,2.0,1,0,0,1,0,1,1,100.0,0,3,1,2,1,2,0,0,Matches
68,Kevin Diks,id IDN,DF,Gladbach,28-337,1996,1.2,1,0,1,0,0,1,1,100.0,0,2,1,1,2,3,4,0,Matches
69,Eren Dinkçi,de GER,FW,Freiburg,23-269,2001,1.2,1,1,1,0,0,1,1,100.0,0,2,0,2,3,4,1,2,Matches
70,Yan Diomandé,ci CIV,FW,RB Leipzig,18-298,2006,0.8,1,1,0,1,0,1,3,33.3,2,2,1,1,0,1,0,0,Matches
71,Ritsu Doan,jp JPN,FW,Eint Frankfurt,27-084,1998,1.8,2,1,0,2,0,2,2,100.0,0,4,0,4,3,5,0,0,Matches
72,Danilho Doekhi,nl NED,DF,Union Berlin,27-070,1998,2.0,3,2,3,0,0,3,3,100.0,0,4,2,2,3,6,13,0,Matches
73,Jean-Luc Dompé,fr FRA,FW,Hamburger SV,30-027,1995,0.6,0,0,0,0,0,0,0,,0,0,0,0,0,0,0,0,Matches
74,Niklas Dorsch,de GER,MF,Heidenheim,27-236,1998,1.3,3,2,1,2,0,1,3,33.3,2,3,0,3,1,4,3,3,Matches
75,Adam Dźwigała,pl POL,DF,St. Pauli,29-348,1995,1.7,2,2,1,1,0,2,2,100.0,0,0,0,0,1,3,4,0,Matches
76,Claudio Echeverri,ar ARG,MF,Leverkusen,19-249,2006,0.4,0,0,0,0,0,0,0,,0,2,0,2,0,0,0,0,Matches
77,Maximilian Eggestein,de GER,MF,Freiburg,28-274,1996,2.0,4,2,2,1,1,2,2,100.0,0,2,1,1,3,7,2,2,Matches
78,Daniel Elfadli,ly LBY,DF,Hamburger SV,28-155,1997,1.8,3,3,1,2,0,1,2,50.0,1,4,3,1,3,6,13,0,Matches
79,Nico Elvedi,ch SUI,DF,Gladbach,28-343,1996,2.0,1,1,0,1,0,0,0,,0,3,3,0,2,3,12,0,Matches
80,Robin Fellhauer,de GER,"MF,DF",Augsburg,27-230,1998,2.0,7,6,5,2,0,1,6,16.7,5,0,0,0,1,8,6,1,Matches
81,Kilian Fischer,de GER,DF,Wolfsburg,24-331,2000,2.0,3,2,1,0,2,2,3,66.7,1,1,0,1,3,6,10,0,Matches
82,Mark Flekken,nl NED,GK,Leverkusen,32-087,1993,2.0,0,0,0,0,0,0,1,0.0,1,0,0,0,0,0,1,2,Matches
83,Jonas Föhrenbach,de GER,DF,Heidenheim,29-225,1996,1.7,3,2,2,1,0,3,6,50.0,3,1,0,1,2,5,6,0,Matches
84,Marco Friedl,at AUT,DF,Werder Bremen,27-176,1998,1.0,1,1,0,1,0,1,1,100.0,0,0,0,0,0,1,5,0,Matches
85,Chris Führich,de GER,FW,Stuttgart,27-242,1998,0.8,0,0,0,0,0,0,0,,0,0,0,0,0,0,0,0,Matches
86,Joel Fujita,jp JPN,MF,St. Pauli,23-204,2002,2.0,3,1,1,1,1,1,4,25.0,3,1,0,1,4,7,0,0,Matches
87,Aleix García,es ESP,"MF,DF",Leverkusen,28-072,1997,1.7,0,0,0,0,0,0,1,0.0,1,0,0,0,3,3,1,0,Matches
88,Jusuf Gazibegović,ba BIH,DF,Köln,25-181,2000,0.3,0,0,0,0,0,0,0,,0,0,0,0,0,0,3,0,Matches
89,Yannick Gerhardt,de GER,DF,Wolfsburg,31-179,1994,0.0,0,0,0,0,0,0,0,,0,0,0,0,0,0,0,0,Matches
90,Dimitris Giannoulis,gr GRE,"DF,MF",Augsburg,29-326,1995,1.4,5,3,2,2,1,3,3,100.0,0,3,0,3,2,7,5,0,Matches
91,Benedikt Gimber,de GER,"DF,MF",Heidenheim,28-201,1997,2.0,4,2,2,2,0,4,6,66.7,2,4,3,1,0,4,6,0,Matches
92,Matthias Ginter,de GER,DF,Freiburg,31-232,1994,2.0,0,0,0,0,0,0,0,,0,1,1,0,3,3,11,0,Matches
93,Serge Gnabry,de GER,MF,Bayern Munich,30-056,1995,1.7,4,3,1,3,0,1,1,100.0,0,1,0,1,0,4,0,0,Matches
94,Giorgi Gocholeishvili,ge GEO,MF,Hamburger SV,24-206,2001,1.8,1,0,0,0,1,1,2,50.0,1,1,0,1,1,2,4,1,Matches
95,Leon Goretzka,de GER,MF,Bayern Munich,30-214,1995,1.5,1,1,0,1,0,1,3,33.3,2,3,2,1,3,4,1,0,Matches
96,Mario Götze,de GER,MF,Eint Frankfurt,33-097,1992,0.2,0,0,0,0,0,0,0,,0,0,0,0,0,0,0,0,Matches
97,Jeffrey Gouweleeuw,nl NED,DF,Augsburg,34-060,1991,2.0,2,2,2,0,0,1,3,33.3,2,1,0,1,3,5,18,0,Matches
98,Kamil Grabara,pl POL,GK,Wolfsburg,26-243,1999,2.0,0,0,0,0,0,0,0,,0,0,0,0,0,0,2,0,Matches
99,Vincenzo Grifo,it ITA,FW,Freiburg,32-154,1993,1.8,1,0,0,1,0,0,1,0.0,1,2,1,1,0,1,1,0,Matches
100,Álex Grimaldo,es ESP,DF,Leverkusen,29-353,1995,2.0,2,2,1,1,0,1,2,50.0,1,0,0,0,0,2,0,0,Matches
101,Pascal Groß,de GER,MF,Dortmund,34-085,1991,1.0,3,1,1,2,0,1,2,50.0,1,3,0,3,0,3,0,0,Matches
102,Marco Grüll,at AUT,FW,Werder Bremen,27-064,1998,1.8,2,1,0,1,1,2,4,50.0,2,1,0,1,1,3,0,0,Matches
103,Raphaël Guerreiro,pt POR,MF,Bayern Munich,31-260,1993,0.1,1,1,0,1,0,0,0,,0,1,0,1,0,1,0,0,Matches
104,Serhou Guirassy,gn GUI,FW,Dortmund,29-180,1996,2.0,0,0,0,0,0,0,2,0.0,2,1,0,1,0,0,5,0,Matches
105,Péter Gulácsi,hu HUN,GK,RB Leipzig,35-125,1990,2.0,0,0,0,0,0,0,0,,0,0,0,0,0,0,1,0,Matches
106,Christian Günter,de GER,DF,Freiburg,32-192,1993,1.9,0,0,0,0,0,0,1,0.0,1,2,0,2,0,0,2,0,Matches
107,Janik Haberer,de GER,MF,Union Berlin,31-159,1994,1.6,1,0,0,1,0,1,2,50.0,1,0,0,0,1,2,3,0,Matches
108,Robin Hack,de GER,"FW,MF",Gladbach,27-012,1998,2.0,1,1,1,0,0,0,0,,0,2,0,2,1,2,3,0,Matches
109,Albian Hajdari,ch SUI,DF,Hoffenheim,22-113,2003,0.2,0,0,0,0,0,0,0,,0,1,0,1,2,2,0,0,Matches
110,Andreas Hanche-Olsen,no NOR,DF,Mainz 05,28-234,1997,1.2,1,1,1,0,0,0,0,,0,1,1,0,1,2,6,0,Matches
111,Isak Hansen-Aarøen,no NOR,FW,Werder Bremen,21-017,2004,0.0,2,2,2,0,0,1,1,100.0,0,0,0,0,0,2,0,0,Matches
112,Ramon Hendriks,nl NED,DF,Stuttgart,24-052,2001,1.1,1,0,1,0,0,0,0,,0,0,0,0,0,1,5,0,Matches
113,Daniel Heuer Fernandes,pt POR,GK,Hamburger SV,32-299,1992,2.0,0,0,0,0,0,0,0,,0,0,0,0,0,0,1,0,Matches
114,Piero Hincapié,ec ECU,DF,Leverkusen,23-242,2002,1.0,0,0,0,0,0,0,0,,0,1,0,1,2,2,0,0,Matches
115,Nicolas Höfler,de GER,MF,Freiburg,35-183,1990,0.2,0,0,0,0,0,0,0,,0,0,0,0,0,0,3,0,Matches
116,Lucas Höler,de GER,FW,Freiburg,31-060,1994,1.9,0,0,0,0,0,0,0,,0,0,0,0,0,0,4,0,Matches
117,Benedict Hollerbach,de GER,FW,Mainz 05,24-114,2001,0.2,0,0,0,0,0,0,0,,0,0,0,0,0,0,0,0,Matches
118,Franck Honorat,fr FRA,"FW,MF",Gladbach,29-028,1996,2.0,5,2,1,3,1,0,2,0.0,2,0,0,0,0,5,2,0,Matches
119,Mathias Honsak,at AUT,FW,Heidenheim,28-262,1996,1.1,2,2,2,0,0,1,2,50.0,1,0,0,0,2,4,0,0,Matches
120,Andreas Hountondji,bj BEN,FW,St. Pauli,23-059,2002,1.5,2,0,2,0,0,0,0,,0,0,0,0,0,2,0,0,Matches
121,Robin Hranáč,cz CZE,DF,Hoffenheim,25-222,2000,1.6,2,2,2,0,0,1,1,100.0,0,3,2,1,0,2,12,0,Matches
122,Timo Hübers,de GER,DF,Köln,29-050,1996,1.5,1,1,0,1,0,1,1,100.0,0,2,2,0,1,2,25,0,Matches
123,Denis Huseinbasic,ba BIH,MF,Köln,24-067,2001,0.6,0,0,0,0,0,0,0,,0,1,0,1,0,0,1,0,Matches
124,Oscar Højlund,dk DEN,MF,Eint Frankfurt,20-247,2005,0.2,0,0,0,0,0,0,0,,0,0,0,0,1,1,0,0,Matches
125,Arijon Ibrahimović,de GER,"FW,MF",Heidenheim,19-271,2005,1.4,3,1,2,1,0,3,6,50.0,3,3,0,3,0,3,5,0,Matches
126,Andrej Ilic,rs SRB,FW,Union Berlin,25-158,2000,2.0,0,0,0,0,0,0,2,0.0,2,2,1,1,0,0,2,0,Matches
127,Cyriaque Irié,bf BFA,FW,Freiburg,20-080,2005,0.3,1,1,1,0,0,0,0,,0,0,0,0,0,1,0,0,Matches
128,Lee Jae-sung,kr KOR,"FW,MF",Mainz 05,33-029,1992,2.0,4,3,1,1,2,2,2,100.0,0,0,0,0,0,4,5,0,Matches
129,Kristijan Jakić,hr CRO,"MF,FW",Augsburg,28-117,1997,2.0,3,2,1,2,0,1,2,50.0,1,4,3,1,3,6,7,0,Matches
130,Luca Jaquez,ch SUI,DF,Stuttgart,22-098,2003,1.0,2,2,2,0,0,1,2,50.0,1,1,0,1,0,2,5,0,Matches
131,Finn Jeltsch,de GER,DF,Stuttgart,19-053,2006,1.0,2,2,1,1,0,1,2,50.0,1,0,0,0,1,3,4,0,Matches
132,Castrop Jens,kr KOR,MF,Gladbach,22-041,2003,0.3,2,2,1,1,0,1,1,100.0,0,0,0,0,0,2,0,0,Matches
133,Moritz Jenz,de GER,DF,Wolfsburg,26-131,1999,2.0,3,3,3,0,0,1,1,100.0,0,0,0,0,0,3,16,1,Matches
134,Ísak Jóhannesson,is ISL,MF,Köln,22-169,2003,1.9,0,0,0,0,0,0,0,,0,0,0,0,1,1,4,0,Matches
135,Lazar Jovanović,rs SRB,"FW,MF",Stuttgart,18-282,2006,0.4,0,0,0,0,0,0,0,,0,0,0,0,0,0,0,0,Matches
136,Anthony Jung,de GER,DF,Freiburg,33-309,1991,0.2,0,0,0,0,0,0,0,,0,1,1,0,0,0,0,0,Matches
137,Josip Juranović,hr CRO,DF,Union Berlin,30-023,1995,0.1,0,0,0,0,0,0,0,,0,0,0,0,0,0,0,0,Matches
138,Martijn Kaars,nl NED,"MF,FW",St. Pauli,26-187,1999,0.2,0,0,0,0,0,0,0,,0,1,0,1,0,0,0,0,Matches
139,Anton Kade,de GER,DF,Augsburg,21-234,2004,0.3,0,0,0,0,0,0,0,,0,2,0,2,0,0,0,0,Matches
140,Florian Kainz,at AUT,MF,Köln,32-319,1992,0.1,1,0,0,1,0,0,0,,0,1,0,1,0,1,2,0,Matches
141,Jakub Kamiński,pl POL,"MF,FW",Köln,23-095,2002,2.0,0,0,0,0,0,0,1,0.0,1,1,1,0,0,0,6,0,Matches
142,Harry Kane,eng ENG,FW,Bayern Munich,32-042,1993,1.9,0,0,0,0,0,0,0,,0,2,0,2,2,2,4,0,Matches
143,Atakan Karazor,,MF,Stuttgart,28-330,1996,1.6,3,2,1,1,1,2,3,66.7,1,2,0,2,0,3,7,0,Matches
144,Lennart Karl,de GER,FW,Bayern Munich,17-198,2008,0.2,2,2,1,0,1,2,2,100.0,0,1,0,1,0,2,0,0,Matches
145,Mikkel Kaufmann,dk DEN,FW,Heidenheim,24-248,2001,0.8,1,1,0,1,0,0,1,0.0,1,0,0,0,1,2,1,0,Matches
146,Aljoscha Kemlein,de GER,MF,Union Berlin,21-037,2004,0.1,0,0,0,0,0,0,0,,0,0,0,0,0,0,0,0,Matches
147,Luca Kerber,de GER,MF,Heidenheim,23-182,2002,1.1,0,0,0,0,0,0,2,0.0,2,2,0,2,0,0,0,0,Matches
148,Rani Khedira,de GER,MF,Union Berlin,31-224,1994,2.0,5,3,0,5,0,0,1,0.0,1,2,0,2,4,9,7,0,Matches
149,Joshua Kimmich,de GER,MF,Bayern Munich,30-212,1995,2.0,3,2,1,2,0,1,3,33.3,2,1,0,1,3,6,1,0,Matches
150,Ansgar Knauff,de GER,"MF,FW",Eint Frankfurt,23-241,2002,0.6,1,1,1,0,0,0,1,0.0,1,0,0,0,0,1,1,0,Matches
151,Gregor Kobel,ch SUI,GK,Dortmund,27-276,1997,2.0,0,0,0,0,0,0,0,,0,0,0,0,0,0,0,0,Matches
152,Robin Koch,de GER,DF,Eint Frankfurt,29-053,1996,2.0,1,0,0,1,0,1,1,100.0,0,1,1,0,3,4,18,0,Matches
153,Christian Kofane,cm CMR,"FW,MF",Leverkusen,19-044,2006,0.9,1,0,0,0,1,0,0,,0,1,0,1,0,1,0,0,Matches
154,Derrick Köhn,gh GHA,DF,Union Berlin,26-216,1999,0.5,1,0,0,1,0,0,0,,0,1,1,0,0,1,0,0,Matches
155,Dominik Kohr,de GER,DF,Mainz 05,31-220,1994,2.0,4,4,1,2,1,1,2,50.0,1,1,0,1,1,5,5,0,Matches
156,Mert Kömür,de GER,"FW,MF",Augsburg,20-053,2005,2.0,1,0,0,1,0,1,2,50.0,1,2,0,2,0,1,5,0,Matches
157,Ransford Königsdörffer,gh GHA,FW,Hamburger SV,23-360,2001,1.7,0,0,0,0,0,0,0,,0,2,0,2,0,0,0,0,Matches
158,Konstantinos Koulierakis,gr GRE,DF,Wolfsburg,21-284,2003,2.0,2,1,2,0,0,0,0,,0,2,2,0,2,4,12,0,Matches
159,Alex Král,cz CZE,MF,Union Berlin,27-112,1998,1.0,2,1,0,2,0,1,1,100.0,0,1,0,1,1,3,2,0,Matches
160,Andrej Kramarić,hr CRO,MF,Hoffenheim,34-081,1991,1.6,0,0,0,0,0,0,0,,0,0,0,0,1,1,3,0,Matches
161,Tom Krauß,de GER,"DF,MF",Köln,24-078,2001,1.1,4,3,2,2,0,0,1,0.0,1,1,0,1,0,4,8,0,Matches
162,Rasmus Kristensen,dk DEN,DF,Eint Frankfurt,28-059,1997,1.9,7,6,4,3,0,5,6,83.3,1,4,0,4,4,11,4,0,Matches
163,Lukas Kübler,de GER,DF,Freiburg,33-009,1992,1.9,7,4,4,3,0,2,3,66.7,1,1,1,0,6,13,8,0,Matches
164,Jonah Kusi-Asare,se SWE,FW,Bayern Munich,18-066,2007,0.1,0,0,0,0,0,0,0,,0,1,1,0,0,0,0,0,Matches
165,Konrad Laimer,at AUT,DF,Bayern Munich,28-104,1997,1.5,2,0,0,1,1,2,6,33.3,4,1,0,1,1,3,6,0,Matches
166,Hugo Larsson,se SWE,MF,Eint Frankfurt,21-073,2004,1.9,2,2,1,1,0,0,1,0.0,1,3,1,2,4,6,0,0,Matches
167,Tim Lemperle,de GER,FW,Hoffenheim,23-215,2002,1.8,2,2,0,2,0,1,5,20.0,4,4,0,4,1,3,6,0,Matches
168,Jamie Leweling,de GER,"FW,DF",Stuttgart,24-194,2001,2.0,0,0,0,0,0,0,0,,0,1,0,1,2,2,1,0,Matches
169,Philipp Lienhart,at AUT,DF,Freiburg,29-059,1996,2.0,3,2,2,1,0,2,2,100.0,0,4,4,0,0,3,10,0,Matches
170,Castello Lukeba,fr FRA,DF,RB Leipzig,22-265,2002,2.0,1,1,1,0,0,1,2,50.0,1,4,2,2,3,4,9,2,Matches
171,Kristoffer Lund,us USA,DF,Köln,23-117,2002,1.5,2,2,1,1,0,1,2,50.0,1,3,2,1,1,3,12,0,Matches
172,Senne Lynen,be BEL,MF,Werder Bremen,26-201,1999,2.0,3,3,2,1,0,3,6,50.0,3,1,1,0,4,7,4,0,Matches
173,Koki Machida,jp JPN,DF,Hoffenheim,28-014,1997,0.5,1,0,1,0,0,0,1,0.0,1,1,1,0,1,2,2,0,Matches
174,Shuto Machino,jp JPN,FW,Gladbach,25-343,1999,0.9,0,0,0,0,0,0,1,0.0,1,0,0,0,0,0,1,0,Matches
175,Arne Maier,de GER,DF,Augsburg,26-243,1999,0.0,1,1,0,0,1,1,1,100.0,0,0,0,0,1,2,0,0,Matches
176,Patrick Mainka,de GER,DF,Heidenheim,30-306,1994,2.0,2,0,2,0,0,0,0,,0,4,2,2,0,2,10,0,Matches
177,Lovro Majer,hr CRO,MF,Wolfsburg,27-234,1998,1.5,2,1,2,0,0,1,2,50.0,1,1,0,1,1,3,3,0,Matches
178,Jordy Makengo,fr FRA,DF,Freiburg,24-036,2001,0.1,1,1,0,1,0,1,1,100.0,0,0,0,0,0,1,2,0,Matches
179,Said El Mala,de GER,"DF,FW",Köln,19-013,2006,0.5,0,0,0,0,0,0,2,0.0,2,1,0,1,0,0,0,0,Matches
180,Julián Malatini,ar ARG,DF,Werder Bremen,24-100,2001,1.0,4,0,4,0,0,2,4,50.0,2,0,0,0,0,4,6,0,Matches
181,Lennard Maloney,us USA,MF,Mainz 05,25-335,1999,0.3,0,0,0,0,0,0,0,,0,0,0,0,0,0,0,0,Matches
182,Filippo Mane,it ITA,DF,Dortmund,20-184,2005,0.9,0,0,0,0,0,0,0,,0,0,0,0,1,1,5,0,Matches
183,Johan Manzambi,ch SUI,MF,Freiburg,19-329,2005,1.9,2,0,1,1,0,0,1,0.0,1,2,1,1,2,4,1,1,Matches
184,Eric Martel,de GER,MF,Köln,23-132,2002,2.0,2,2,1,1,0,1,2,50.0,1,3,3,0,4,6,18,0,Matches
185,Han-Noah Massengo,fr FRA,MF,Augsburg,24-063,2001,2.0,4,3,3,1,0,2,4,50.0,2,2,1,1,3,7,3,0,Matches
186,Chrislain Matsima,fr FRA,DF,Augsburg,23-116,2002,2.0,2,1,2,0,0,2,3,66.7,1,6,4,2,3,5,7,0,Matches
187,Jean Mattéo Bahoya,fr FRA,FW,Eint Frankfurt,20-124,2005,1.4,3,1,2,0,1,2,3,66.7,1,4,0,4,0,3,2,0,Matches
188,Keke Maximilian Topp,de GER,FW,Werder Bremen,21-167,2004,0.4,0,0,0,0,0,0,0,,0,0,0,0,0,0,0,0,Matches
189,Ibrahim Maza,dz ALG,"MF,FW",Leverkusen,19-288,2005,1.0,0,0,0,0,0,0,1,0.0,1,2,0,2,0,0,0,0,Matches
190,Samuel Mbangula,be BEL,FW,Werder Bremen,21-235,2004,1.5,4,3,3,1,0,4,7,57.1,3,4,1,3,0,4,0,0,Matches
191,Jonas Meffert,de GER,MF,Hamburger SV,31-004,1994,0.1,0,0,0,0,0,0,0,,0,0,0,0,0,0,0,0,Matches
192,Connor Metcalfe,au AUS,MF,St. Pauli,25-307,1999,0.3,1,1,0,1,0,0,1,0.0,1,0,0,0,1,2,0,0,Matches
193,William Mikelbrencis,fr FRA,"DF,MF",Hamburger SV,21-195,2004,0.2,0,0,0,0,0,0,0,,0,0,0,0,0,0,2,0,Matches
194,Kim Min-jae,kr KOR,DF,Bayern Munich,28-297,1996,0.3,0,0,0,0,0,0,1,0.0,1,0,0,0,1,1,2,0,Matches
195,Maximilian Mittelstädt,de GER,DF,Stuttgart,28-174,1997,1.8,4,3,4,0,0,1,1,100.0,0,2,0,2,3,7,3,0,Matches
196,Max Moerstedt,de GER,FW,Hoffenheim,,,0.2,1,1,1,0,0,0,0,,0,0,0,0,0,1,2,0,Matches
197,Miro Muheim,ch SUI,MF,Hamburger SV,27-168,1998,2.0,4,3,1,3,0,3,7,42.9,4,3,1,2,2,6,4,0,Matches
198,Phillipp Mwene,at AUT,"DF,MF",Mainz 05,31-222,1994,1.8,1,0,1,0,0,1,3,33.3,2,0,0,0,0,1,4,0,Matches
199,Joakim Mæhle,dk DEN,DF,Wolfsburg,28-111,1997,0.0,2,0,1,1,0,1,1,100.0,0,0,0,0,0,2,0,0,Matches
200,Nikolas Nartey,dk DEN,DF,Stuttgart,25-198,2000,0.2,3,3,1,1,1,2,2,100.0,0,1,0,1,0,3,1,0,Matches
201,Paul Nebel,de GER,MF,Mainz 05,22-333,2002,0.7,0,0,0,0,0,0,0,,0,1,1,0,0,0,0,0,Matches
202,Kosta Nedeljković,rs SRB,DF,RB Leipzig,19-266,2005,0.0,0,0,0,0,0,0,0,,0,0,0,0,0,0,0,0,Matches
203,Luca Netz,de GER,DF,Gladbach,22-116,2003,0.2,1,1,1,0,0,1,2,50.0,1,0,0,0,0,1,1,0,Matches
204,Manuel Neuer,de GER,GK,Bayern Munich,39-165,1986,2.0,0,0,0,0,0,0,0,,0,0,0,0,0,0,0,0,Matches
205,Florian Neuhaus,de GER,MF,Gladbach,28-176,1997,0.4,0,0,0,0,0,0,0,,0,0,0,0,0,0,0,0,Matches
206,Moritz Nicolas,de GER,GK,Gladbach,27-322,1997,2.0,0,0,0,0,0,0,0,,0,0,0,0,0,0,3,0,Matches
207,Julian Niehues,de GER,MF,Heidenheim,24-144,2001,0.4,1,0,1,0,0,1,3,33.3,2,0,0,0,0,1,1,0,Matches
208,Justin Njinmah,de GER,FW,Werder Bremen,24-297,2000,1.7,1,1,1,0,0,1,1,100.0,0,1,0,1,0,1,2,0,Matches
209,Felix Nmecha,de GER,MF,Dortmund,24-333,2000,0.7,0,0,0,0,0,0,1,0.0,1,0,0,0,1,1,0,0,Matches
210,Arnaud Nordin,fr FRA,FW,Mainz 05,27-083,1998,0.9,2,1,0,2,0,1,1,100.0,0,3,0,3,0,2,0,0,Matches
211,Alexander Nübel,de GER,GK,Stuttgart,28-343,1996,2.0,0,0,0,0,0,0,0,,0,0,0,0,0,0,1,0,Matches
212,Antonio Nusa,no NOR,FW,RB Leipzig,20-144,2005,1.5,4,2,2,1,1,3,3,100.0,0,0,0,0,3,7,1,0,Matches
213,Michael Olise,fr FRA,"FW,MF",Bayern Munich,23-270,2001,2.0,5,4,2,2,1,3,9,33.3,6,0,0,0,1,6,1,0,Matches
214,Warmed Omari,km COM,DF,Hamburger SV,25-138,2000,2.0,1,1,0,1,0,0,1,0.0,1,4,3,1,2,3,16,0,Matches
215,Loïs Openda,be BEL,FW,RB Leipzig,25-204,2000,0.6,0,0,0,0,0,0,0,,0,1,0,1,0,0,0,0,Matches
216,Louis Oppie,de GER,DF,St. Pauli,23-114,2002,2.0,7,4,3,3,1,6,7,85.7,1,4,0,4,0,7,5,0,Matches
217,Willi Orban,hu HUN,DF,RB Leipzig,32-309,1992,2.0,2,2,1,1,0,2,2,100.0,0,3,2,1,1,3,11,0,Matches
218,Assan Ouedraogo,de GER,MF,RB Leipzig,19-122,2006,0.1,0,0,0,0,0,0,0,,0,0,0,0,0,0,0,0,Matches
219,Salih Özcan,tr TUR,DF,Dortmund,27-240,1998,0.0,0,0,0,0,0,0,0,,0,0,0,0,0,0,1,0,Matches
220,Cenk Özkacar,tr TUR,MF,Köln,24-337,2000,0.3,2,2,0,2,0,1,2,50.0,1,1,1,0,0,2,5,0,Matches
221,Exequiel Palacios,ar ARG,MF,Leverkusen,26-338,1998,0.3,0,0,0,0,0,0,0,,0,0,0,0,0,0,0,0,Matches
222,Aleksandar Pavlovic,de GER,MF,Bayern Munich,21-128,2004,0.5,2,0,1,1,0,1,2,50.0,1,0,0,0,1,3,0,0,Matches
223,Dženan Pejčinović,de GER,FW,Wolfsburg,20-205,2005,1.5,1,1,0,1,0,0,0,,0,3,0,3,0,1,2,0,Matches
224,Mathias Pereira Lage,pt POR,"FW,MF",St. Pauli,28-282,1996,1.9,6,1,1,2,3,1,1,100.0,0,2,0,2,1,7,0,0,Matches
225,Rayan Philippe,fr FRA,"FW,DF",Hamburger SV,24-320,2000,0.5,2,0,1,1,0,1,1,100.0,0,0,0,0,0,2,1,0,Matches
226,Ernest Poku,nl NED,"MF,FW",Leverkusen,21-223,2004,0.7,1,0,0,0,1,0,0,,0,0,0,0,0,1,0,0,Matches
227,Yussuf Poulsen,dk DEN,FW,Hamburger SV,31-085,1994,0.6,1,0,0,0,1,0,0,,0,1,0,1,0,1,2,0,Matches
228,Alexander Prass,at AUT,"FW,DF",Hoffenheim,24-105,2001,0.2,2,1,0,2,0,2,2,100.0,0,1,0,1,0,2,0,0,Matches
229,Grischa Prömel,de GER,"MF,DF",Hoffenheim,30-242,1995,0.4,2,1,1,1,0,1,1,100.0,0,0,0,0,0,2,1,0,Matches
230,Arkadiusz Pyrka,pl POL,DF,St. Pauli,22-353,2002,1.5,3,2,1,1,1,2,2,100.0,0,1,0,1,1,4,4,0,Matches
231,Jarell Quansah,eng ENG,DF,Leverkusen,22-222,2003,2.0,2,2,1,1,0,1,1,100.0,0,0,0,0,3,5,15,0,Matches
232,Leopold Querfeld,at AUT,DF,Union Berlin,21-262,2003,2.0,1,0,1,0,0,1,2,50.0,1,4,4,0,3,4,13,0,Matches
233,Diant Ramaj,de GER,GK,Heidenheim,23-354,2001,2.0,0,0,0,0,0,0,0,,0,0,0,0,0,0,2,0,Matches
234,Grant Ranos,am ARM,DF,Gladbach,22-050,2003,0.1,0,0,0,0,0,0,0,,0,0,0,0,0,0,0,0,Matches
235,David Raum,de GER,DF,RB Leipzig,27-139,1998,2.0,1,1,0,1,0,0,2,0.0,2,2,1,1,4,5,8,0,Matches
236,Rocco Reitz,de GER,MF,Gladbach,23-102,2002,1.9,5,3,0,3,2,2,2,100.0,0,2,0,2,6,11,2,0,Matches
237,Nicolai Remberg,de GER,MF,Hamburger SV,25-081,2000,2.0,5,4,2,2,1,4,4,100.0,0,1,1,0,3,8,6,0,Matches
238,Elvis Rexhbeçaj,xk KVX,MF,Augsburg,27-311,1997,0.8,3,2,1,1,1,3,5,60.0,2,0,0,0,0,3,0,0,Matches
239,Lars Ritzka,de GER,DF,St. Pauli,27-124,1998,0.1,1,1,1,0,0,1,1,100.0,0,0,0,0,0,1,1,0,Matches
240,Merlin Röhl,de GER,"FW,MF",Freiburg,23-065,2002,0.7,1,1,1,0,0,1,1,100.0,0,1,1,0,0,1,0,0,Matches
241,Rômulo,br BRA,FW,RB Leipzig,23-212,2002,1.4,1,1,0,0,1,0,2,0.0,2,1,0,1,1,2,1,0,Matches
242,Tom Rothe,de GER,DF,Union Berlin,20-314,2004,2.0,3,1,2,1,0,1,3,33.3,2,2,0,2,1,4,10,1,Matches
243,Julian Ryerson,no NOR,DF,Dortmund,27-295,1997,0.2,1,1,1,0,0,0,0,,0,0,0,0,1,2,1,0,Matches
244,Frederik Rønnow,dk DEN,GK,Union Berlin,33-035,1992,2.0,0,0,0,0,0,0,0,,0,0,0,0,0,0,1,0,Matches
245,Alexander Røssing-Lelesiit,no NOR,FW,Hamburger SV,18-231,2007,1.4,5,2,5,0,0,2,2,100.0,0,1,0,1,0,5,2,0,Matches
246,Elias Saad,tn TUN,"FW,MF",Augsburg,25-255,1999,1.5,2,0,1,1,0,0,3,0.0,3,4,1,3,1,3,2,0,Matches
247,Marcel Sabitzer,at AUT,MF,Dortmund,31-175,1994,1.9,2,1,1,1,0,0,1,0.0,1,2,0,2,2,4,7,0,Matches
248,Emir Sahiti,xk KVX,FW,Hamburger SV,26-283,1998,1.3,0,0,0,0,0,0,3,0.0,3,0,0,0,0,0,1,0,Matches
249,Manolis Saliakas,gr GRE,DF,St. Pauli,28-361,1996,0.5,1,1,1,0,0,0,0,,0,0,0,0,0,1,2,0,Matches
250,Philipp Sander,de GER,MF,Gladbach,27-199,1998,1.9,6,4,1,4,1,4,6,66.7,2,4,2,2,4,10,2,0,Matches
251,James Sands,us USA,MF,St. Pauli,25-064,2000,2.0,9,6,2,5,2,3,6,50.0,3,0,0,0,1,10,0,0,Matches
252,Kaishu Sano,jp JPN,MF,Mainz 05,24-252,2000,2.0,0,0,0,0,0,0,2,0.0,2,2,1,1,4,4,6,0,Matches
253,Joe Scally,us USA,DF,Gladbach,22-251,2002,1.9,3,1,2,1,0,2,4,50.0,2,4,0,4,0,3,7,0,Matches
254,András Schäfer,hu HUN,MF,Union Berlin,26-148,1999,1.0,2,2,1,1,0,0,0,,0,2,0,2,0,2,3,0,Matches
255,Derry Scherhant,de GER,MF,Freiburg,22-302,2002,0.1,0,0,0,0,0,0,0,,0,0,0,0,0,0,0,0,Matches
256,Patrik Schick,cz CZE,FW,Leverkusen,29-227,1996,2.0,2,1,0,1,1,1,1,100.0,0,1,0,1,1,3,3,0,Matches
257,Xaver Schlager,at AUT,MF,RB Leipzig,27-345,1997,1.8,3,2,1,2,0,0,1,0.0,1,1,0,1,1,4,3,0,Matches
258,Keven Schlotterbeck,de GER,DF,Augsburg,28-133,1997,2.0,2,1,2,0,0,1,1,100.0,0,1,1,0,2,4,12,1,Matches
259,Romano Schmid,at AUT,MF,Werder Bremen,25-224,2000,2.0,4,1,1,2,1,1,2,50.0,1,2,0,2,0,4,0,0,Matches
260,Isaac Schmidt,ch SUI,MF,Werder Bremen,25-275,1999,0.2,2,2,1,0,1,0,0,,0,0,0,0,0,2,0,0,Matches
261,Joël Schmied,ch SUI,DF,Köln,26-350,1998,1.5,1,1,1,0,0,1,1,100.0,0,7,2,5,1,2,6,0,Matches
262,Jan Schöppner,de GER,MF,Heidenheim,26-088,1999,1.0,2,1,2,0,0,1,1,100.0,0,1,0,1,2,4,0,1,Matches
263,Marvin Schwäbe,de GER,GK,Köln,30-136,1995,2.0,0,0,0,0,0,0,0,,0,0,0,0,0,0,1,0,Matches
264,Léo Scienza,br BRA,"MF,FW",Heidenheim,26-360,1998,2.0,2,2,1,1,0,0,2,0.0,2,3,0,3,0,2,0,0,Matches
265,Sebastian Sebulonsen,no NOR,DF,Köln,25-224,2000,1.8,2,2,1,1,0,0,0,,0,1,1,0,0,2,13,0,Matches
266,Nicolas Seiwald,at AUT,MF,RB Leipzig,24-127,2001,1.2,3,2,2,0,1,2,2,100.0,0,1,0,1,1,4,1,0,Matches
267,Armindo Sieb,de GER,"FW,MF",Mainz 05,22-203,2003,0.3,0,0,0,0,0,0,0,,0,0,0,0,0,0,0,0,Matches
268,Tim Siersleben,de GER,DF,Heidenheim,25-183,2000,0.9,0,0,0,0,0,0,2,0.0,2,0,0,0,3,3,3,0,Matches
269,Xavi Simons,nl NED,MF,RB Leipzig,22-140,2003,1.0,0,0,0,0,0,0,0,,0,0,0,0,1,1,0,0,Matches
270,Danel Sinani,lu LUX,"MF,FW",St. Pauli,28-156,1997,2.0,4,2,1,2,1,4,4,100.0,0,1,0,1,2,6,0,0,Matches
271,Tim Skarke,de GER,DF,Union Berlin,29-001,1996,0.3,1,0,1,0,0,1,2,50.0,1,0,0,0,0,1,0,0,Matches
272,Andreas Skov Olsen,dk DEN,FW,Wolfsburg,25-253,1999,1.5,0,0,0,0,0,0,0,,0,1,0,1,0,0,3,0,Matches
273,Robert Skov,dk DEN,DF,Union Berlin,29-111,1996,1.5,4,4,4,0,0,3,5,60.0,2,1,0,1,2,6,5,0,Matches
274,Eric Smith,se SWE,DF,St. Pauli,28-243,1997,2.0,4,1,0,4,0,2,4,50.0,2,2,1,1,3,7,12,0,Matches
275,Vinicius Souza,br BRA,MF,Wolfsburg,26-083,1999,2.0,5,2,2,2,1,1,3,33.3,2,2,1,1,4,9,8,0,Matches
276,Otto Stange,de GER,MF,Hamburger SV,18-211,2007,0.2,0,0,0,0,0,0,0,,0,2,0,2,0,0,1,0,Matches
277,Josip Stanišić,hr CRO,DF,Bayern Munich,25-159,2000,2.0,2,1,1,1,0,1,2,50.0,1,3,1,2,1,3,9,0,Matches
278,Niklas Stark,de GER,DF,Werder Bremen,30-147,1995,1.5,2,1,1,1,0,2,2,100.0,0,5,3,2,4,6,11,0,Matches
279,Angelo Stiller,de GER,MF,Stuttgart,24-157,2001,2.0,3,2,1,2,0,2,3,66.7,1,2,0,2,1,4,2,0,Matches
280,Kevin Stöger,at AUT,MF,Gladbach,32-012,1993,1.6,5,2,2,3,0,1,3,33.3,2,2,0,2,0,5,0,0,Matches
281,Yukinari Sugawara,jp JPN,DF,Werder Bremen,25-072,2000,1.0,0,0,0,0,0,0,1,0.0,1,0,0,0,0,0,7,0,Matches
282,Yuito Suzuki,jp JPN,MF,Freiburg,23-318,2001,1.5,0,0,0,0,0,0,0,,0,1,0,1,0,0,0,0,Matches
283,Mattias Svanberg,se SWE,MF,Wolfsburg,26-246,1999,0.5,0,0,0,0,0,0,0,,0,1,0,1,0,0,2,0,Matches
284,Daniel Svensson,se SWE,DF,Dortmund,23-208,2002,2.0,0,0,0,0,0,0,0,,0,3,1,2,1,1,9,0,Matches
285,Haris Tabakovic,ba BIH,FW,Gladbach,31-080,1994,0.9,0,0,0,0,0,0,0,,0,0,0,0,0,0,0,0,Matches
286,Jonathan Tah,de GER,DF,Bayern Munich,29-209,1996,1.7,1,0,1,0,0,1,1,100.0,0,4,2,2,2,3,9,0,Matches
287,Axel Tapé,fr FRA,DF,Leverkusen,18-029,2007,0.8,1,1,1,0,0,0,0,,0,0,0,0,0,1,0,0,Matches
288,Edmond Tapsoba,bf BFA,DF,Leverkusen,26-218,1999,2.0,2,0,2,0,0,1,1,100.0,0,4,1,3,3,5,9,0,Matches
289,Nathan Tella,ng NGA,"FW,MF",Leverkusen,26-065,1999,1.9,0,0,0,0,0,0,2,0.0,2,3,0,3,0,0,1,0,Matches
290,Arthur Theate,be BEL,DF,Eint Frankfurt,25-106,2000,2.0,3,1,1,1,1,3,3,100.0,0,1,0,1,3,6,11,0,Matches
291,Jan Thielmann,de GER,"FW,MF",Köln,23-105,2002,1.5,1,1,1,0,0,1,2,50.0,1,2,0,2,0,1,0,0,Matches
292,Phillip Tietz,de GER,"MF,FW",Augsburg,28-061,1997,0.6,1,0,0,0,1,0,0,,0,1,0,1,0,1,1,0,Matches
293,Malik Tillman,us USA,MF,Leverkusen,23-103,2002,0.7,2,2,0,1,1,0,1,0.0,1,2,0,2,1,3,0,0,Matches
294,Umut Tohumcu,de GER,MF,Hoffenheim,21-028,2004,1.1,2,1,1,1,0,1,1,100.0,0,2,0,2,0,2,2,0,Matches
295,Tiago Tomás,pt POR,"MF,FW",Stuttgart,23-084,2002,1.1,2,1,1,0,1,1,2,50.0,1,2,1,1,0,2,1,0,Matches
296,Jordan Torunarigha,de GER,DF,Hamburger SV,28-032,1997,2.0,4,1,0,3,1,1,2,50.0,1,2,2,0,1,5,25,0,Matches
297,Bazoumana Touré,ci CIV,FW,Hoffenheim,19-190,2006,2.0,1,0,0,1,0,0,1,0.0,1,3,0,3,1,2,0,0,Matches
298,Omar Traoré,de GER,DF,Heidenheim,27-216,1998,0.5,0,0,0,0,0,0,1,0.0,1,1,0,1,0,0,0,0,Matches
299,Philipp Treu,de GER,MF,Freiburg,24-279,2000,0.1,0,0,0,0,0,0,0,,0,0,0,0,0,0,0,0,Matches
300,Christopher Trimmel,at AUT,DF,Union Berlin,38-196,1987,1.6,4,3,0,4,0,0,0,,0,1,1,0,1,5,6,0,Matches
301,Lukas Ullrich,de GER,DF,Gladbach,21-176,2004,1.8,3,2,1,1,1,0,2,0.0,2,0,0,0,1,4,4,0,Matches
302,Deniz Undav,de GER,MF,Stuttgart,29-051,1996,1.1,2,0,0,2,0,2,3,66.7,1,2,0,2,0,2,0,0,Matches
303,Dayot Upamecano,fr FRA,DF,Bayern Munich,26-316,1998,2.0,3,2,2,1,0,3,5,60.0,2,1,1,0,3,6,6,1,Matches
304,Can Uzun,tr TUR,MF,Eint Frankfurt,19-301,2005,1.5,4,3,0,3,1,2,4,50.0,2,1,0,1,0,4,1,0,Matches
305,Josha Vagnoman,de GER,DF,Stuttgart,24-271,2000,1.8,1,0,0,0,1,0,1,0.0,1,0,0,0,1,2,9,0,Matches
306,Nikola Vasilj,ba BIH,GK,St. Pauli,29-280,1995,2.0,0,0,0,0,0,0,0,,0,0,0,0,0,0,0,0,Matches
307,Nikolas Veratschnig,at AUT,MF,Mainz 05,22-227,2003,0.2,0,0,0,0,0,0,0,,0,0,0,0,1,1,1,0,Matches
308,Elye Wahi,fr FRA,FW,Eint Frankfurt,22-249,2003,1.2,1,1,0,1,0,0,0,,0,2,0,2,0,1,0,0,Matches
309,Hauke Wahl,de GER,DF,St. Pauli,31-146,1994,2.0,3,2,1,1,1,1,2,50.0,1,0,0,0,0,3,9,1,Matches
310,Luca Waldschmidt,de GER,DF,Köln,29-112,1996,0.2,0,0,0,0,0,0,0,,0,0,0,0,0,0,2,0,Matches
311,Nelson Weiper,de GER,FW,Mainz 05,20-175,2005,1.6,0,0,0,0,0,0,0,,0,0,0,0,0,0,0,0,Matches
312,Silvan Widmer,ch SUI,DF,Mainz 05,32-187,1993,0.3,2,2,2,0,0,1,2,50.0,1,0,0,0,1,3,1,0,Matches
313,Patrick Wimmer,at AUT,FW,Wolfsburg,24-101,2001,2.0,3,1,1,2,0,2,4,50.0,2,2,0,2,3,6,3,0,Matches
314,Jonas Wind,dk DEN,MF,Wolfsburg,26-213,1999,0.0,0,0,0,0,0,0,0,,0,0,0,0,0,0,0,0,Matches
315,Marius Wolf,de GER,"MF,DF",Augsburg,30-104,1995,1.4,1,0,0,1,0,0,1,0.0,1,0,0,0,2,3,2,0,Matches
316,Nick Woltemade,de GER,FW,Stuttgart,23-206,2002,1.0,1,0,1,0,0,1,1,100.0,0,2,1,1,0,1,3,0,Matches
317,Jeong Woo-yeong,kr KOR,MF,Union Berlin,25-353,1999,0.3,0,0,0,0,0,0,1,0.0,1,0,0,0,0,0,0,0,Matches
318,Aaron Zehnter,de GER,DF,Wolfsburg,20-312,2004,2.0,2,1,2,0,0,1,2,50.0,1,2,2,0,4,6,3,0,Matches
319,Robin Zentner,de GER,GK,Mainz 05,30-315,1994,2.0,0,0,0,0,0,0,0,,0,0,0,0,0,0,0,0,Matches
320,Cedric Zesiger,ch SUI,DF,Augsburg,27-076,1998,0.1,1,1,1,0,0,1,1,100.0,0,0,0,0,1,2,2,0,Matches
321,Michael Zetterer,de GER,GK,Eint Frankfurt,30-058,1995,2.0,0,0,0,0,0,0,0,,0,0,0,0,0,0,4,0,Matches
322,Budu Zivzivadze,ge GEO,FW,Heidenheim,31-182,1994,1.2,0,0,0,0,0,0,2,0.0,2,1,0,1,0,0,1,0,Matches
