rk,player,nation,pos,squad,age,born,90s,cmp,att,cmp,totdist,prgdist,cmp,att,cmp,cmp,att,cmp,cmp,att,cmp,ast,xag,xa,a_xag,kp,1_3,ppa,crspa,prgp,matches
1,Ragnar Ache,de GER,"DF,FW",Köln,27-042,1998,0.4,7,9,77.8,67,15,7,8,87.5,0,1,0.0,0,0,,0,0.1,0.1,-0.1,1,1,1,0,1,Matches
2,Junior Adamu,at AUT,FW,Freiburg,24-094,2001,0.1,1,1,100.0,10,5,1,1,100.0,0,0,,0,0,,0,0.0,0.0,0.0,0,0,0,0,0,Matches
3,Karim Adeyemi,de GER,FW,Dortmund,23-233,2002,0.5,10,14,71.4,127,24,7,9,77.8,3,4,75.0,0,0,,0,0.2,0.8,-0.2,1,1,0,0,1,Matches
4,Oladapo Afolayan,eng ENG,FW,St. Pauli,27-208,1998,0.0,1,4,25.0,13,0,1,2,50.0,0,1,0.0,0,1,0.0,0,0.0,0.0,0.0,0,0,0,0,0,Matches
5,Felix Agu,ng NGA,DF,Werder Bremen,25-346,1999,2.0,86,112,76.8,1343,373,44,52,84.6,34,38,89.5,4,12,33.3,0,0.2,0.3,-0.2,3,5,3,2,6,Matches
6,Kevin Akpoguma,ng NGA,DF,Hoffenheim,30-142,1995,0.2,3,6,50.0,47,21,2,2,100.0,1,4,25.0,0,0,,0,0.0,0.0,0.0,0,1,0,0,0,Matches
7,Skelly Alvero,fr FRA,DF,Werder Bremen,23-127,2002,0.3,20,20,100.0,398,62,7,7,100.0,12,12,100.0,1,1,100.0,0,0.0,0.0,0.0,0,2,0,0,2,Matches
8,Nadiem Amiri,de GER,MF,Mainz 05,28-316,1996,1.7,97,126,77.0,1982,755,44,47,93.6,34,36,94.4,18,39,46.2,0,0.3,0.5,-0.3,5,12,7,1,17,Matches
9,Mohamed Amoura,dz ALG,FW,Wolfsburg,25-122,2000,0.5,8,10,80.0,105,6,5,5,100.0,3,3,100.0,0,0,,0,0.1,0.0,-0.1,1,0,0,0,0,Matches
10,Robert Andrich,de GER,MF,Leverkusen,30-351,1994,2.0,98,112,87.5,1557,336,48,58,82.8,35,36,97.2,9,11,81.8,0,0.0,0.1,0.0,0,6,0,0,2,Matches
11,Ilyas Ansah,de GER,FW,Union Berlin,20-304,2004,1.6,17,22,77.3,286,22,7,9,77.8,8,10,80.0,1,1,100.0,0,0.0,0.0,0.0,2,2,0,0,3,Matches
12,Aaron Anselmino,ar ARG,DF,Dortmund,20-132,2005,0.8,73,78,93.6,1202,465,32,33,97.0,39,42,92.9,2,2,100.0,0,0.0,0.1,0.0,0,5,1,0,10,Matches
13,Waldemar Anton,de GER,DF,Dortmund,29-050,1996,2.0,184,195,94.4,3590,1320,52,52,100.0,121,124,97.6,11,17,64.7,0,0.0,0.0,0.0,0,8,0,0,5,Matches
14,Maximilian Arnold,de GER,MF,Wolfsburg,31-104,1994,2.0,72,96,75.0,1592,511,26,28,92.9,30,36,83.3,16,31,51.6,1,0.5,0.7,+0.5,6,3,1,0,5,Matches
15,Arthur,br BRA,DF,Leverkusen,22-175,2003,0.5,10,12,83.3,121,40,7,7,100.0,1,2,50.0,1,1,100.0,0,0.0,0.0,0.0,0,0,1,0,1,Matches
16,Fisnik Asllani,xk KVX,FW,Hoffenheim,23-031,2002,1.8,28,37,75.7,380,133,18,21,85.7,7,12,58.3,1,1,100.0,1,0.2,0.1,+0.8,4,4,2,0,6,Matches
17,Lorenz Assignon,tg TOG,MF,Stuttgart,25-078,2000,0.2,2,3,66.7,25,6,2,2,100.0,0,1,0.0,0,0,,0,0.0,0.0,0.0,0,0,0,0,0,Matches
18,Noah Atubolu,de GER,GK,Freiburg,23-106,2002,2.0,62,86,72.1,1873,1395,6,6,100.0,29,29,100.0,26,49,53.1,0,0.0,0.0,0.0,0,3,0,0,1,Matches
19,Leon Avdullahu,xk KVX,MF,Hoffenheim,21-197,2004,2.0,122,142,85.9,2084,821,60,63,95.2,44,51,86.3,14,19,73.7,1,0.5,0.3,+0.5,4,13,2,1,14,Matches
20,Mio Backhaus,de GER,GK,Werder Bremen,21-145,2004,2.0,54,59,91.5,1229,696,16,16,100.0,22,22,100.0,15,20,75.0,0,0.0,0.0,0.0,0,0,0,0,0,Matches
21,Loïc Bade,fr FRA,DF,Leverkusen,25-150,2000,0.2,15,15,100.0,325,160,2,2,100.0,11,11,100.0,2,2,100.0,0,0.0,0.0,0.0,0,2,0,0,1,Matches
22,Johan Bakayoko,be BEL,FW,RB Leipzig,22-141,2003,1.5,40,50,80.0,522,91,28,31,90.3,7,11,63.6,3,4,75.0,0,0.0,0.1,0.0,1,2,2,0,4,Matches
23,Ridle Baku,de GER,DF,RB Leipzig,27-153,1998,2.0,96,109,88.1,1669,650,45,48,93.8,43,49,87.8,7,9,77.8,1,0.7,0.8,+0.3,4,8,0,0,12,Matches
24,Noahkai Banks,us USA,MF,Augsburg,18-281,2006,0.0,1,2,50.0,12,0,1,1,100.0,0,1,0.0,0,0,,0,0.0,0.0,0.0,0,0,0,0,0,Matches
25,Ezechiel Banzuzi,nl NED,MF,RB Leipzig,20-204,2005,1.0,30,37,81.1,416,121,20,22,90.9,9,12,75.0,1,2,50.0,0,0.0,0.0,0.0,0,3,0,0,1,Matches
26,Michy Batshuayi,be BEL,FW,Eint Frankfurt,31-341,1993,0.1,2,4,50.0,34,0,1,2,50.0,1,2,50.0,0,0,,0,0.0,0.0,0.0,0,0,0,0,0,Matches
27,Oliver Baumann,de GER,GK,Hoffenheim,35-098,1990,2.0,49,64,76.6,1506,1298,12,12,100.0,20,20,100.0,17,32,53.1,0,0.0,0.0,0.0,0,7,0,0,1,Matches
28,Christoph Baumgartner,at AUT,"MF,FW",RB Leipzig,26-038,1999,1.2,20,31,64.5,237,54,14,18,77.8,5,9,55.6,0,0,,0,0.1,0.1,-0.1,2,1,1,0,3,Matches
29,Adrian Beck,de GER,"MF,DF",Heidenheim,28-091,1997,0.4,17,19,89.5,228,31,13,13,100.0,4,6,66.7,0,0,,0,0.0,0.0,0.0,0,0,0,0,2,Matches
30,Maximilian Beier,de GER,MF,Dortmund,22-326,2002,0.8,17,21,81.0,251,32,8,9,88.9,9,11,81.8,0,0,,1,0.6,0.2,+0.4,1,0,1,0,1,Matches
31,Stefan Bell,de GER,DF,Mainz 05,34-015,1991,0.8,26,41,63.4,456,137,11,13,84.6,12,17,70.6,3,8,37.5,0,0.3,0.3,-0.3,2,1,0,0,2,Matches
32,Jobe Bellingham,eng ENG,MF,Dortmund,19-350,2005,1.3,63,73,86.3,1113,220,28,35,80.0,29,30,96.7,6,8,75.0,0,0.0,0.0,0.0,0,6,1,0,7,Matches
33,Ramy Bensebaini,dz ALG,DF,Dortmund,30-145,1995,2.0,185,203,91.1,3453,1094,63,63,100.0,108,115,93.9,14,23,60.9,0,0.1,0.3,-0.1,1,13,4,0,28,Matches
34,Bernardo,br BRA,DF,Hoffenheim,30-117,1995,1.9,101,126,80.2,1558,551,46,52,88.5,45,50,90.0,5,14,35.7,0,0.0,0.0,0.0,1,12,2,0,16,Matches
35,Leonardo Bittencourt,de GER,MF,Werder Bremen,31-263,1993,1.1,43,53,81.1,762,190,18,21,85.7,23,25,92.0,2,5,40.0,0,0.2,0.4,-0.2,1,5,0,0,4,Matches
36,Ben Bobzien,de GER,FW,Mainz 05,22-132,2003,0.1,9,11,81.8,126,15,6,7,85.7,1,2,50.0,1,1,100.0,0,0.0,0.0,0.0,0,2,0,0,1,Matches
37,Sacha Boey,fr FRA,DF,Bayern Munich,24-360,2000,0.5,28,31,90.3,302,79,20,22,90.9,6,7,85.7,0,0,,0,0.0,0.0,0.0,1,5,0,0,2,Matches
38,Julian Brandt,de GER,"MF,FW",Dortmund,29-129,1996,1.5,68,80,85.0,1030,212,41,46,89.1,21,24,87.5,6,7,85.7,0,0.5,0.8,-0.5,2,4,2,1,4,Matches
39,Nathaniel Brown,de GER,FW,Eint Frankfurt,22-084,2003,0.4,4,9,44.4,106,54,2,2,100.0,0,2,0.0,2,4,50.0,0,0.0,0.0,0.0,1,1,0,0,0,Matches
40,Marius Bülter,de GER,FW,Köln,32-163,1993,1.8,37,45,82.2,643,292,20,20,100.0,10,13,76.9,6,8,75.0,2,1.3,0.9,+0.7,5,5,7,3,7,Matches
41,Wouter Burger,nl NED,MF,Hoffenheim,24-204,2001,0.5,24,30,80.0,386,80,13,13,100.0,7,10,70.0,2,4,50.0,0,0.1,0.0,-0.1,2,3,0,0,3,Matches
42,Jonathan Burkardt,de GER,FW,Eint Frankfurt,25-059,2000,0.7,7,10,70.0,109,24,4,5,80.0,2,2,100.0,1,1,100.0,0,0.0,0.1,0.0,0,0,1,0,1,Matches
43,Oliver Burke,sct SCO,FW,Union Berlin,28-154,1997,0.4,8,9,88.9,87,8,5,6,83.3,2,2,100.0,0,0,,0,0.0,0.0,0.0,0,0,0,0,1,Matches
44,Marnon Busch,de GER,DF,Heidenheim,30-274,1994,2.0,57,78,73.1,1158,305,19,22,86.4,30,39,76.9,7,14,50.0,0,0.0,0.0,0.0,0,4,0,0,5,Matches
45,Aurélio Buta,pt POR,"DF,FW",Eint Frankfurt,28-210,1997,0.1,3,6,50.0,29,2,3,3,100.0,0,2,0.0,0,1,0.0,0,0.0,0.0,0.0,0,0,0,0,0,Matches
46,Anthony Caci,fr FRA,"MF,DF",Mainz 05,28-069,1997,1.7,89,119,74.8,1403,614,45,51,88.2,26,36,72.2,10,21,47.6,0,0.2,0.4,-0.2,2,17,8,4,13,Matches
47,Nicolás Capaldo,ar ARG,MF,Hamburger SV,27-359,1997,1.8,30,40,75.0,354,128,17,21,81.0,8,12,66.7,0,1,0.0,0,0.1,0.5,-0.1,1,3,1,0,6,Matches
48,Abdoulie Ceesay,gm GAM,FW,St. Pauli,21-246,2004,0.3,3,4,75.0,36,0,2,2,100.0,1,1,100.0,0,0,,0,0.0,0.0,0.0,0,0,0,0,0,Matches
49,Václav Černý,cz CZE,FW,Wolfsburg,27-326,1997,0.5,6,10,60.0,124,32,2,3,66.7,3,5,60.0,1,2,50.0,0,0.0,0.0,0.0,0,0,0,0,0,Matches
50,Julian Chabot,de GER,DF,Stuttgart,27-208,1998,0.9,83,90,92.2,1507,601,32,36,88.9,46,47,97.9,5,7,71.4,0,0.0,0.1,0.0,0,4,0,0,7,Matches
51,Fares Chaïbi,dz ALG,MF,Eint Frankfurt,22-284,2002,2.0,66,95,69.5,1219,463,26,35,74.3,27,35,77.1,9,21,42.9,1,0.5,0.1,+0.5,6,13,0,0,10,Matches
52,Arthur Chaves,br BRA,DF,Hoffenheim,24-222,2001,1.5,66,76,86.8,1215,379,24,26,92.3,34,38,89.5,6,10,60.0,0,0.0,0.0,0.0,0,4,0,0,3,Matches
53,Chema,es ESP,MF,Stuttgart,20-136,2005,0.3,10,11,90.9,133,79,7,7,100.0,3,3,100.0,0,1,0.0,0,0.0,0.0,0.0,0,1,0,0,2,Matches
54,Fabio Chiarodia,it ITA,"DF,MF",Gladbach,20-095,2005,0.9,73,76,96.1,1312,395,24,24,100.0,47,48,97.9,2,3,66.7,0,0.0,0.0,0.0,0,6,0,0,7,Matches
55,Carney Chukwuemeka,eng ENG,MF,Dortmund,21-323,2003,0.2,7,7,100.0,85,20,6,6,100.0,1,1,100.0,0,0,,0,0.0,0.0,0.0,0,1,0,0,0,Matches
56,Nnamdi Collins,de GER,DF,Eint Frankfurt,21-241,2004,2.0,63,81,77.8,1160,407,24,27,88.9,34,38,89.5,4,9,44.4,0,0.0,0.0,0.0,0,4,0,0,2,Matches
57,Sirlord Conteh,de GER,FW,Heidenheim,29-061,1996,0.4,2,3,66.7,27,1,2,2,100.0,0,1,0.0,0,0,,0,0.0,0.0,0.0,0,0,0,0,0,Matches
58,Danny da Costa,de GER,DF,Mainz 05,32-057,1993,2.0,97,123,78.9,1891,768,28,29,96.6,52,59,88.1,14,28,50.0,0,0.2,0.4,-0.2,2,11,7,2,15,Matches
59,Vladimír Coufal,cz CZE,DF,Hoffenheim,33-017,1992,2.0,65,78,83.3,1212,366,28,29,96.6,22,29,75.9,12,16,75.0,0,0.2,0.2,-0.2,2,3,1,1,5,Matches
60,Abdoul Coulibaly,de GER,DF,Werder Bremen,18-108,2007,1.1,60,76,78.9,1291,438,11,13,84.6,41,45,91.1,8,14,57.1,0,0.0,0.0,0.0,1,3,0,0,4,Matches
61,Yan Couto,br BRA,DF,Dortmund,23-097,2002,2.0,79,96,82.3,1293,279,43,43,100.0,31,37,83.8,5,12,41.7,1,0.6,0.4,+0.4,2,3,2,1,4,Matches
62,Patrice Čović,hr CRO,"MF,FW",Werder Bremen,18-075,2007,1.0,48,55,87.3,808,141,21,25,84.0,21,23,91.3,4,4,100.0,0,0.0,0.0,0.0,0,5,0,0,6,Matches
63,Finn Dahmen,de GER,GK,Augsburg,27-165,1998,2.0,50,83,60.2,1469,988,15,15,100.0,17,17,100.0,18,50,36.0,0,0.0,0.0,0.0,0,4,0,0,0,Matches
64,Muhammed Damar,de GER,MF,Hoffenheim,21-152,2004,0.4,13,20,65.0,190,52,6,7,85.7,6,7,85.7,0,3,0.0,0,0.0,0.0,0.0,0,2,0,0,4,Matches
65,Ermedin Demirović,ba BIH,FW,Stuttgart,27-167,1998,1.7,19,23,82.6,189,45,14,16,87.5,3,4,75.0,0,0,,0,0.3,0.6,-0.3,2,2,1,0,3,Matches
66,Rav van den Berg,nl NED,DF,Köln,21-063,2004,1.0,33,38,86.8,611,309,10,11,90.9,19,21,90.5,3,5,60.0,0,0.0,0.0,0.0,0,4,0,0,2,Matches
67,Luis Díaz,co COL,FW,Bayern Munich,28-238,1997,2.0,80,100,80.0,1420,213,41,47,87.2,28,34,82.4,11,16,68.8,2,0.4,0.2,+1.6,5,5,1,0,3,Matches
68,Kevin Diks,id IDN,DF,Gladbach,28-337,1996,1.2,60,68,88.2,1087,420,26,28,92.9,29,32,90.6,5,8,62.5,0,0.0,0.0,0.0,0,3,0,0,3,Matches
69,Eren Dinkçi,de GER,FW,Freiburg,23-269,2001,1.2,29,47,61.7,516,154,14,18,77.8,11,19,57.9,4,7,57.1,0,0.1,0.3,-0.1,1,0,3,1,2,Matches
70,Yan Diomandé,ci CIV,FW,RB Leipzig,18-298,2006,0.8,21,27,77.8,311,131,13,15,86.7,7,10,70.0,1,1,100.0,0,0.0,0.0,0.0,0,1,0,0,2,Matches
71,Ritsu Doan,jp JPN,FW,Eint Frankfurt,27-084,1998,1.8,45,59,76.3,598,244,31,32,96.9,9,15,60.0,3,8,37.5,1,1.0,1.0,0.0,4,5,3,1,7,Matches
72,Danilho Doekhi,nl NED,DF,Union Berlin,27-070,1998,2.0,54,74,73.0,1003,454,22,24,91.7,25,29,86.2,5,17,29.4,0,0.1,0.2,-0.1,1,5,2,0,6,Matches
73,Jean-Luc Dompé,fr FRA,FW,Hamburger SV,30-027,1995,0.6,19,26,73.1,343,120,8,12,66.7,8,9,88.9,2,3,66.7,0,0.2,0.3,-0.2,1,1,3,1,4,Matches
74,Niklas Dorsch,de GER,MF,Heidenheim,27-236,1998,1.3,33,38,86.8,604,106,12,14,85.7,18,20,90.0,3,4,75.0,0,0.0,0.0,0.0,1,4,0,0,6,Matches
75,Adam Dźwigała,pl POL,DF,St. Pauli,29-348,1995,1.7,71,84,84.5,1107,482,40,44,90.9,24,27,88.9,5,8,62.5,0,0.0,0.0,0.0,0,6,0,0,2,Matches
76,Claudio Echeverri,ar ARG,MF,Leverkusen,19-249,2006,0.4,20,21,95.2,271,46,13,14,92.9,6,6,100.0,1,1,100.0,0,0.1,0.1,-0.1,1,1,0,0,1,Matches
77,Maximilian Eggestein,de GER,MF,Freiburg,28-274,1996,2.0,88,105,83.8,1382,314,44,55,80.0,34,36,94.4,7,9,77.8,0,0.4,0.2,-0.4,2,5,2,0,11,Matches
78,Daniel Elfadli,ly LBY,DF,Hamburger SV,28-155,1997,1.8,96,97,99.0,1660,422,41,41,100.0,50,50,100.0,4,5,80.0,0,0.0,0.0,0.0,0,1,0,0,1,Matches
79,Nico Elvedi,ch SUI,DF,Gladbach,28-343,1996,2.0,129,134,96.3,2361,726,42,44,95.5,78,79,98.7,9,11,81.8,0,0.0,0.1,0.0,1,13,1,0,14,Matches
80,Robin Fellhauer,de GER,"MF,DF",Augsburg,27-230,1998,2.0,32,42,76.2,468,200,17,20,85.0,12,14,85.7,1,2,50.0,1,0.2,0.2,+0.8,1,1,0,0,7,Matches
81,Kilian Fischer,de GER,DF,Wolfsburg,24-331,2000,2.0,71,87,81.6,1326,410,29,35,82.9,32,38,84.2,8,10,80.0,0,0.0,0.0,0.0,0,2,0,0,4,Matches
82,Mark Flekken,nl NED,GK,Leverkusen,32-087,1993,2.0,65,80,81.3,1567,1061,16,17,94.1,36,37,97.3,13,25,52.0,0,0.0,0.0,0.0,0,3,0,0,0,Matches
83,Jonas Föhrenbach,de GER,DF,Heidenheim,29-225,1996,1.7,28,38,73.7,487,148,13,14,92.9,10,13,76.9,4,7,57.1,0,0.0,0.1,0.0,0,0,1,0,1,Matches
84,Marco Friedl,at AUT,DF,Werder Bremen,27-176,1998,1.0,61,68,89.7,1388,634,16,17,94.1,29,29,100.0,15,19,78.9,0,0.0,0.0,0.0,0,6,0,0,6,Matches
85,Chris Führich,de GER,FW,Stuttgart,27-242,1998,0.8,40,54,74.1,632,168,22,25,88.0,15,19,78.9,3,6,50.0,1,0.2,0.3,+0.8,3,2,3,2,3,Matches
86,Joel Fujita,jp JPN,MF,St. Pauli,23-204,2002,2.0,81,104,77.9,1260,468,43,48,89.6,29,41,70.7,7,12,58.3,1,0.2,0.4,+0.8,2,13,2,0,12,Matches
87,Aleix García,es ESP,"MF,DF",Leverkusen,28-072,1997,1.7,141,164,86.0,2362,625,75,80,93.8,52,59,88.1,10,17,58.8,0,0.0,0.1,0.0,0,10,0,0,9,Matches
88,Jusuf Gazibegović,ba BIH,DF,Köln,25-181,2000,0.3,8,10,80.0,130,67,5,5,100.0,2,3,66.7,1,2,50.0,0,0.0,0.0,0.0,0,0,1,1,0,Matches
89,Yannick Gerhardt,de GER,DF,Wolfsburg,31-179,1994,0.0,1,1,100.0,15,13,1,1,100.0,0,0,,0,0,,0,0.0,0.0,0.0,0,0,0,0,0,Matches
90,Dimitris Giannoulis,gr GRE,"DF,MF",Augsburg,29-326,1995,1.4,34,56,60.7,493,187,15,23,65.2,18,24,75.0,0,3,0.0,0,0.1,0.1,-0.1,1,2,2,1,2,Matches
91,Benedikt Gimber,de GER,"DF,MF",Heidenheim,28-201,1997,2.0,73,88,83.0,1405,489,20,22,90.9,50,53,94.3,3,12,25.0,0,0.0,0.0,0.0,0,6,0,0,5,Matches
92,Matthias Ginter,de GER,DF,Freiburg,31-232,1994,2.0,121,138,87.7,2179,798,46,52,88.5,66,69,95.7,9,16,56.3,0,0.0,0.1,0.0,0,6,0,0,11,Matches
93,Serge Gnabry,de GER,MF,Bayern Munich,30-056,1995,1.7,64,78,82.1,1074,316,32,34,94.1,26,31,83.9,5,7,71.4,2,0.5,0.4,+1.5,4,8,5,0,12,Matches
94,Giorgi Gocholeishvili,ge GEO,MF,Hamburger SV,24-206,2001,1.8,35,48,72.9,569,101,14,19,73.7,15,15,100.0,2,7,28.6,0,0.1,0.0,-0.1,1,2,2,0,2,Matches
95,Leon Goretzka,de GER,MF,Bayern Munich,30-214,1995,1.5,69,77,89.6,1159,300,36,36,100.0,29,29,100.0,4,8,50.0,0,0.0,0.2,0.0,0,4,2,0,9,Matches
96,Mario Götze,de GER,MF,Eint Frankfurt,33-097,1992,0.2,7,8,87.5,98,16,4,4,100.0,3,4,75.0,0,0,,0,0.0,0.0,0.0,0,0,0,0,0,Matches
97,Jeffrey Gouweleeuw,nl NED,DF,Augsburg,34-060,1991,2.0,62,73,84.9,1372,604,21,21,100.0,31,34,91.2,10,15,66.7,0,0.0,0.1,0.0,0,8,4,2,11,Matches
98,Kamil Grabara,pl POL,GK,Wolfsburg,26-243,1999,2.0,50,76,65.8,1388,808,7,7,100.0,25,25,100.0,18,44,40.9,0,0.0,0.0,0.0,0,1,0,0,0,Matches
99,Vincenzo Grifo,it ITA,FW,Freiburg,32-154,1993,1.8,72,95,75.8,1269,364,33,38,86.8,22,29,75.9,14,22,63.6,0,0.2,0.2,-0.2,4,6,2,1,9,Matches
100,Álex Grimaldo,es ESP,DF,Leverkusen,29-353,1995,2.0,113,150,75.3,1726,320,60,64,93.8,42,55,76.4,8,23,34.8,1,0.3,0.3,+0.7,4,7,2,1,7,Matches
101,Pascal Groß,de GER,MF,Dortmund,34-085,1991,1.0,49,60,81.7,905,184,20,25,80.0,24,26,92.3,5,9,55.6,1,0.3,0.2,+0.7,2,4,2,0,3,Matches
102,Marco Grüll,at AUT,FW,Werder Bremen,27-064,1998,1.8,32,44,72.7,443,114,18,19,94.7,9,13,69.2,1,5,20.0,1,0.3,0.1,+0.7,4,4,0,0,6,Matches
103,Raphaël Guerreiro,pt POR,MF,Bayern Munich,31-260,1993,0.1,4,4,100.0,53,8,2,2,100.0,2,2,100.0,0,0,,0,0.1,0.1,-0.1,1,0,0,0,0,Matches
104,Serhou Guirassy,gn GUI,FW,Dortmund,29-180,1996,2.0,27,41,65.9,362,65,18,29,62.1,7,8,87.5,1,2,50.0,0,0.0,0.5,0.0,0,3,0,0,1,Matches
105,Péter Gulácsi,hu HUN,GK,RB Leipzig,35-125,1990,2.0,58,73,79.5,1285,751,14,14,100.0,34,35,97.1,10,24,41.7,0,0.0,0.0,0.0,0,1,0,0,0,Matches
106,Christian Günter,de GER,DF,Freiburg,32-192,1993,1.9,62,79,78.5,1040,295,32,35,91.4,26,32,81.3,4,10,40.0,1,0.4,0.5,+0.6,6,1,0,0,5,Matches
107,Janik Haberer,de GER,MF,Union Berlin,31-159,1994,1.6,36,43,83.7,566,107,16,18,88.9,14,16,87.5,3,4,75.0,0,0.0,0.1,0.0,0,1,1,1,2,Matches
108,Robin Hack,de GER,"FW,MF",Gladbach,27-012,1998,2.0,65,88,73.9,1057,441,32,33,97.0,26,36,72.2,4,8,50.0,0,0.6,0.6,-0.6,8,11,4,2,14,Matches
109,Albian Hajdari,ch SUI,DF,Hoffenheim,22-113,2003,0.2,6,9,66.7,83,32,3,4,75.0,3,3,100.0,0,2,0.0,0,0.0,0.0,0.0,0,2,0,0,1,Matches
110,Andreas Hanche-Olsen,no NOR,DF,Mainz 05,28-234,1997,1.2,44,58,75.9,774,245,19,19,100.0,22,28,78.6,3,7,42.9,0,0.0,0.0,0.0,1,1,0,0,2,Matches
111,Isak Hansen-Aarøen,no NOR,FW,Werder Bremen,21-017,2004,0.0,3,5,60.0,43,3,2,3,66.7,1,1,100.0,0,1,0.0,0,0.0,0.0,0.0,0,1,0,0,1,Matches
112,Ramon Hendriks,nl NED,DF,Stuttgart,24-052,2001,1.1,75,80,93.8,1124,342,43,45,95.6,30,30,100.0,2,5,40.0,0,0.0,0.0,0.0,0,2,0,0,2,Matches
113,Daniel Heuer Fernandes,pt POR,GK,Hamburger SV,32-299,1992,2.0,79,101,78.2,1996,1265,14,14,100.0,41,41,100.0,24,46,52.2,0,0.0,0.0,0.0,0,1,0,0,0,Matches
114,Piero Hincapié,ec ECU,DF,Leverkusen,23-242,2002,1.0,82,95,86.3,1390,488,37,40,92.5,42,46,91.3,3,6,50.0,0,0.0,0.0,0.0,0,9,0,0,8,Matches
115,Nicolas Höfler,de GER,MF,Freiburg,35-183,1990,0.2,22,25,88.0,306,50,12,12,100.0,8,10,80.0,0,0,,0,0.0,0.0,0.0,0,4,0,0,2,Matches
116,Lucas Höler,de GER,FW,Freiburg,31-060,1994,1.9,31,48,64.6,413,64,20,30,66.7,8,11,72.7,1,1,100.0,0,0.0,0.1,0.0,0,3,1,0,4,Matches
117,Benedict Hollerbach,de GER,FW,Mainz 05,24-114,2001,0.2,3,3,100.0,23,5,3,3,100.0,0,0,,0,0,,0,0.0,0.0,0.0,0,0,0,0,0,Matches
118,Franck Honorat,fr FRA,"FW,MF",Gladbach,29-028,1996,2.0,66,92,71.7,1066,401,32,36,88.9,28,39,71.8,4,10,40.0,0,0.4,0.8,-0.4,6,4,3,3,12,Matches
119,Mathias Honsak,at AUT,FW,Heidenheim,28-262,1996,1.1,13,20,65.0,179,37,10,10,100.0,3,5,60.0,0,0,,0,0.0,0.0,0.0,0,0,0,0,0,Matches
120,Andreas Hountondji,bj BEN,FW,St. Pauli,23-059,2002,1.5,16,26,61.5,217,93,8,12,66.7,7,8,87.5,0,1,0.0,0,0.1,0.1,-0.1,2,2,0,0,4,Matches
121,Robin Hranáč,cz CZE,DF,Hoffenheim,25-222,2000,1.6,61,70,87.1,1099,264,27,30,90.0,25,25,100.0,7,13,53.8,0,0.0,0.0,0.0,1,6,0,0,2,Matches
122,Timo Hübers,de GER,DF,Köln,29-050,1996,1.5,54,62,87.1,1046,310,16,18,88.9,34,36,94.4,4,7,57.1,0,0.0,0.0,0.0,0,5,0,0,3,Matches
123,Denis Huseinbasic,ba BIH,MF,Köln,24-067,2001,0.6,18,23,78.3,264,91,10,12,83.3,6,8,75.0,2,2,100.0,0,0.0,0.0,0.0,0,1,0,0,2,Matches
124,Oscar Højlund,dk DEN,MF,Eint Frankfurt,20-247,2005,0.2,8,11,72.7,130,67,4,5,80.0,4,4,100.0,0,0,,0,0.0,0.0,0.0,0,0,0,0,1,Matches
125,Arijon Ibrahimović,de GER,"FW,MF",Heidenheim,19-271,2005,1.4,26,39,66.7,433,70,13,16,81.3,12,16,75.0,1,6,16.7,0,0.0,0.0,0.0,1,1,0,0,3,Matches
126,Andrej Ilic,rs SRB,FW,Union Berlin,25-158,2000,2.0,23,39,59.0,316,111,12,23,52.2,8,10,80.0,0,2,0.0,1,0.2,0.1,+0.8,2,2,1,1,4,Matches
127,Cyriaque Irié,bf BFA,FW,Freiburg,20-080,2005,0.3,13,15,86.7,224,73,6,6,100.0,5,6,83.3,2,3,66.7,0,0.0,0.0,0.0,0,1,1,0,2,Matches
128,Lee Jae-sung,kr KOR,"FW,MF",Mainz 05,33-029,1992,2.0,41,57,71.9,515,88,23,31,74.2,11,13,84.6,1,2,50.0,0,0.3,0.3,-0.3,1,0,1,0,1,Matches
129,Kristijan Jakić,hr CRO,"MF,FW",Augsburg,28-117,1997,2.0,63,77,81.8,1046,278,32,36,88.9,21,23,91.3,8,13,61.5,1,0.2,0.3,+0.8,3,5,1,1,6,Matches
130,Luca Jaquez,ch SUI,DF,Stuttgart,22-098,2003,1.0,89,99,89.9,1587,485,28,30,93.3,56,59,94.9,5,8,62.5,0,0.0,0.0,0.0,1,7,0,0,4,Matches
131,Finn Jeltsch,de GER,DF,Stuttgart,19-053,2006,1.0,53,56,94.6,870,329,23,23,100.0,29,29,100.0,1,4,25.0,0,0.0,0.0,0.0,0,2,0,0,4,Matches
132,Castrop Jens,kr KOR,MF,Gladbach,22-041,2003,0.3,13,17,76.5,274,74,3,4,75.0,9,11,81.8,1,1,100.0,0,0.0,0.0,0.0,0,1,0,0,2,Matches
133,Moritz Jenz,de GER,DF,Wolfsburg,26-131,1999,2.0,61,72,84.7,1206,451,22,24,91.7,35,38,92.1,4,10,40.0,0,0.0,0.0,0.0,0,2,0,0,1,Matches
134,Ísak Jóhannesson,is ISL,MF,Köln,22-169,2003,1.9,64,76,84.2,1254,338,23,25,92.0,28,31,90.3,12,19,63.2,0,0.0,0.3,0.0,1,9,3,1,8,Matches
135,Lazar Jovanović,rs SRB,"FW,MF",Stuttgart,18-282,2006,0.4,5,10,50.0,66,12,3,5,60.0,2,3,66.7,0,2,0.0,0,0.1,0.3,-0.1,1,0,0,0,1,Matches
136,Anthony Jung,de GER,DF,Freiburg,33-309,1991,0.2,31,35,88.6,512,152,18,19,94.7,10,11,90.9,3,5,60.0,0,0.0,0.1,0.0,1,5,1,0,2,Matches
137,Josip Juranović,hr CRO,DF,Union Berlin,30-023,1995,0.1,1,4,25.0,36,19,0,0,,0,0,,1,4,25.0,0,0.0,0.0,0.0,1,0,0,0,0,Matches
138,Martijn Kaars,nl NED,"MF,FW",St. Pauli,26-187,1999,0.2,6,11,54.5,70,17,4,5,80.0,2,2,100.0,0,2,0.0,0,0.0,0.0,0.0,1,0,1,0,2,Matches
139,Anton Kade,de GER,DF,Augsburg,21-234,2004,0.3,5,8,62.5,59,2,5,6,83.3,0,2,0.0,0,0,,0,0.0,0.0,0.0,0,0,0,0,0,Matches
140,Florian Kainz,at AUT,MF,Köln,32-319,1992,0.1,5,7,71.4,114,63,2,2,100.0,2,2,100.0,1,3,33.3,0,0.0,0.0,0.0,0,1,1,0,1,Matches
141,Jakub Kamiński,pl POL,"MF,FW",Köln,23-095,2002,2.0,52,68,76.5,685,176,32,40,80.0,11,16,68.8,3,6,50.0,0,0.7,0.4,-0.7,8,4,0,0,5,Matches
142,Harry Kane,eng ENG,FW,Bayern Munich,32-042,1993,1.9,43,55,78.2,764,276,24,26,92.3,16,18,88.9,3,5,60.0,2,1.6,0.7,+0.4,6,5,4,0,7,Matches
143,Atakan Karazor,,MF,Stuttgart,28-330,1996,1.6,88,95,92.6,1365,324,41,44,93.2,45,48,93.8,1,2,50.0,0,0.0,0.1,0.0,0,7,0,0,5,Matches
144,Lennart Karl,de GER,FW,Bayern Munich,17-198,2008,0.2,17,18,94.4,214,26,10,11,90.9,6,6,100.0,0,0,,0,0.0,0.0,0.0,0,1,0,0,0,Matches
145,Mikkel Kaufmann,dk DEN,FW,Heidenheim,24-248,2001,0.8,4,12,33.3,41,18,1,3,33.3,2,3,66.7,0,2,0.0,0,0.0,0.0,0.0,0,0,0,0,1,Matches
146,Aljoscha Kemlein,de GER,MF,Union Berlin,21-037,2004,0.1,5,6,83.3,97,41,3,3,100.0,1,1,100.0,1,2,50.0,0,0.0,0.0,0.0,1,2,0,0,0,Matches
147,Luca Kerber,de GER,MF,Heidenheim,23-182,2002,1.1,12,20,60.0,209,81,7,10,70.0,4,7,57.1,1,1,100.0,0,0.2,0.1,-0.2,1,2,0,0,1,Matches
148,Rani Khedira,de GER,MF,Union Berlin,31-224,1994,2.0,43,55,78.2,737,157,20,23,87.0,18,22,81.8,3,6,50.0,0,0.0,0.0,0.0,0,3,0,0,1,Matches
149,Joshua Kimmich,de GER,MF,Bayern Munich,30-212,1995,2.0,159,176,90.3,2913,1016,76,78,97.4,60,66,90.9,21,26,80.8,0,0.8,1.4,-0.8,5,18,4,1,16,Matches
150,Ansgar Knauff,de GER,"MF,FW",Eint Frankfurt,23-241,2002,0.6,12,15,80.0,151,37,9,9,100.0,3,4,75.0,0,0,,0,0.0,0.0,0.0,0,0,0,0,1,Matches
151,Gregor Kobel,ch SUI,GK,Dortmund,27-276,1997,2.0,58,72,80.6,1376,835,11,12,91.7,36,36,100.0,10,22,45.5,0,0.0,0.0,0.0,0,1,0,0,0,Matches
152,Robin Koch,de GER,DF,Eint Frankfurt,29-053,1996,2.0,82,89,92.1,1698,526,28,29,96.6,37,37,100.0,16,22,72.7,0,0.0,0.0,0.0,0,6,1,0,7,Matches
153,Christian Kofane,cm CMR,"FW,MF",Leverkusen,19-044,2006,0.9,11,12,91.7,103,2,8,9,88.9,1,1,100.0,0,0,,0,0.0,0.0,0.0,1,0,0,0,0,Matches
154,Derrick Köhn,gh GHA,DF,Union Berlin,26-216,1999,0.5,13,17,76.5,200,74,6,6,100.0,5,7,71.4,1,1,100.0,0,0.0,0.0,0.0,0,0,0,0,2,Matches
155,Dominik Kohr,de GER,DF,Mainz 05,31-220,1994,2.0,93,108,86.1,1907,595,35,42,83.3,40,44,90.9,16,20,80.0,0,0.2,0.3,-0.2,3,11,1,0,12,Matches
156,Mert Kömür,de GER,"FW,MF",Augsburg,20-053,2005,2.0,40,62,64.5,549,88,24,30,80.0,12,14,85.7,1,13,7.7,1,0.3,0.2,+0.7,3,3,0,0,4,Matches
157,Ransford Königsdörffer,gh GHA,FW,Hamburger SV,23-360,2001,1.7,16,26,61.5,219,20,8,13,61.5,7,9,77.8,0,2,0.0,0,0.0,0.0,0.0,0,0,0,0,1,Matches
158,Konstantinos Koulierakis,gr GRE,DF,Wolfsburg,21-284,2003,2.0,82,103,79.6,1779,797,26,31,83.9,40,44,90.9,16,27,59.3,0,0.0,0.0,0.0,0,11,0,0,8,Matches
159,Alex Král,cz CZE,MF,Union Berlin,27-112,1998,1.0,17,20,85.0,243,66,12,12,100.0,3,3,100.0,2,3,66.7,0,0.0,0.0,0.0,0,2,1,0,3,Matches
160,Andrej Kramarić,hr CRO,MF,Hoffenheim,34-081,1991,1.6,62,78,79.5,1033,263,33,34,97.1,21,24,87.5,7,14,50.0,0,0.0,0.2,0.0,1,5,2,0,6,Matches
161,Tom Krauß,de GER,"DF,MF",Köln,24-078,2001,1.1,58,60,96.7,1221,274,18,18,100.0,31,32,96.9,9,9,100.0,0,0.0,0.0,0.0,0,4,0,0,4,Matches
162,Rasmus Kristensen,dk DEN,DF,Eint Frankfurt,28-059,1997,1.9,94,114,82.5,1557,597,50,53,94.3,26,34,76.5,11,19,57.9,0,0.6,0.2,-0.6,3,1,1,1,7,Matches
163,Lukas Kübler,de GER,DF,Freiburg,33-009,1992,1.9,93,112,83.0,1547,516,48,51,94.1,39,47,83.0,6,11,54.5,0,0.0,0.0,0.0,0,4,1,0,10,Matches
164,Jonah Kusi-Asare,se SWE,FW,Bayern Munich,18-066,2007,0.1,0,0,,0,0,0,0,,0,0,,0,0,,0,0.0,0.0,0.0,0,0,0,0,0,Matches
165,Konrad Laimer,at AUT,DF,Bayern Munich,28-104,1997,1.5,56,67,83.6,746,213,38,39,97.4,17,22,77.3,0,2,0.0,1,0.7,0.5,+0.3,2,9,0,0,6,Matches
166,Hugo Larsson,se SWE,MF,Eint Frankfurt,21-073,2004,1.9,71,88,80.7,1325,497,29,32,90.6,34,38,89.5,8,15,53.3,2,0.1,0.1,+1.9,2,6,1,0,6,Matches
167,Tim Lemperle,de GER,FW,Hoffenheim,23-215,2002,1.8,28,38,73.7,379,111,16,19,84.2,7,9,77.8,2,3,66.7,0,0.5,0.2,-0.5,3,1,2,1,5,Matches
168,Jamie Leweling,de GER,"FW,DF",Stuttgart,24-194,2001,2.0,59,85,69.4,819,183,41,44,93.2,10,18,55.6,6,13,46.2,1,0.7,0.8,+0.3,5,0,6,5,3,Matches
169,Philipp Lienhart,at AUT,DF,Freiburg,29-059,1996,2.0,126,154,81.8,2448,775,35,36,97.2,78,84,92.9,13,29,44.8,0,0.0,0.1,0.0,0,6,1,1,10,Matches
170,Castello Lukeba,fr FRA,DF,RB Leipzig,22-265,2002,2.0,135,150,90.0,2184,788,63,64,98.4,66,74,89.2,4,8,50.0,0,0.0,0.1,0.0,0,6,0,0,12,Matches
171,Kristoffer Lund,us USA,DF,Köln,23-117,2002,1.5,59,80,73.8,1043,516,34,35,97.1,17,27,63.0,8,15,53.3,0,0.1,0.1,-0.1,1,3,2,2,2,Matches
172,Senne Lynen,be BEL,MF,Werder Bremen,26-201,1999,2.0,82,92,89.1,1320,458,41,44,93.2,29,31,93.5,7,10,70.0,0,0.1,0.1,-0.1,1,7,1,0,6,Matches
173,Koki Machida,jp JPN,DF,Hoffenheim,28-014,1997,0.5,32,36,88.9,634,285,13,13,100.0,14,14,100.0,4,8,50.0,0,0.0,0.0,0.0,0,1,1,0,1,Matches
174,Shuto Machino,jp JPN,FW,Gladbach,25-343,1999,0.9,17,27,63.0,226,55,11,12,91.7,4,7,57.1,1,4,25.0,0,0.0,0.0,0.0,0,1,0,0,0,Matches
175,Arne Maier,de GER,DF,Augsburg,26-243,1999,0.0,5,8,62.5,74,18,3,5,60.0,2,2,100.0,0,0,,0,0.0,0.0,0.0,0,0,0,0,0,Matches
176,Patrick Mainka,de GER,DF,Heidenheim,30-306,1994,2.0,83,100,83.0,1423,462,29,33,87.9,51,55,92.7,1,7,14.3,0,0.0,0.0,0.0,0,5,0,0,7,Matches
177,Lovro Majer,hr CRO,MF,Wolfsburg,27-234,1998,1.5,36,49,73.5,588,220,16,21,76.2,15,17,88.2,2,3,66.7,1,0.3,0.1,+0.7,6,6,1,0,6,Matches
178,Jordy Makengo,fr FRA,DF,Freiburg,24-036,2001,0.1,8,13,61.5,160,69,3,3,100.0,4,6,66.7,1,4,25.0,0,0.1,0.1,-0.1,1,2,1,1,2,Matches
179,Said El Mala,de GER,"DF,FW",Köln,19-013,2006,0.5,9,12,75.0,87,7,6,6,100.0,1,2,50.0,0,1,0.0,0,0.0,0.0,0.0,1,0,0,0,0,Matches
180,Julián Malatini,ar ARG,DF,Werder Bremen,24-100,2001,1.0,23,34,67.6,364,62,12,13,92.3,10,17,58.8,1,1,100.0,0,0.0,0.0,0.0,0,0,0,0,0,Matches
181,Lennard Maloney,us USA,MF,Mainz 05,25-335,1999,0.3,7,11,63.6,112,26,4,5,80.0,3,5,60.0,0,0,,0,0.0,0.0,0.0,0,1,0,0,1,Matches
182,Filippo Mane,it ITA,DF,Dortmund,20-184,2005,0.9,61,67,91.0,1063,376,26,27,96.3,32,33,97.0,3,4,75.0,0,0.0,0.0,0.0,0,5,0,0,4,Matches
183,Johan Manzambi,ch SUI,MF,Freiburg,19-329,2005,1.9,81,96,84.4,1356,381,46,52,88.5,24,25,96.0,10,13,76.9,0,0.7,0.8,-0.7,3,9,2,0,13,Matches
184,Eric Martel,de GER,MF,Köln,23-132,2002,2.0,75,93,80.6,1182,241,36,41,87.8,35,45,77.8,2,2,100.0,0,0.0,0.0,0.0,1,2,0,0,5,Matches
185,Han-Noah Massengo,fr FRA,MF,Augsburg,24-063,2001,2.0,62,74,83.8,896,240,34,37,91.9,27,28,96.4,0,4,0.0,0,0.0,0.0,0.0,0,3,0,0,5,Matches
186,Chrislain Matsima,fr FRA,DF,Augsburg,23-116,2002,2.0,52,71,73.2,760,264,25,32,78.1,22,25,88.0,2,9,22.2,0,0.0,0.0,0.0,0,3,0,0,4,Matches
187,Jean Mattéo Bahoya,fr FRA,FW,Eint Frankfurt,20-124,2005,1.4,38,49,77.6,587,154,21,26,80.8,11,14,78.6,3,4,75.0,1,0.9,1.0,+0.1,3,0,1,1,3,Matches
188,Keke Maximilian Topp,de GER,FW,Werder Bremen,21-167,2004,0.4,14,18,77.8,174,38,7,9,77.8,3,4,75.0,1,1,100.0,1,0.8,0.1,+0.2,1,0,0,0,0,Matches
189,Ibrahim Maza,dz ALG,"MF,FW",Leverkusen,19-288,2005,1.0,18,24,75.0,220,64,10,13,76.9,6,8,75.0,0,0,,0,0.0,0.0,0.0,0,3,0,0,4,Matches
190,Samuel Mbangula,be BEL,FW,Werder Bremen,21-235,2004,1.5,39,52,75.0,490,114,23,26,88.5,11,12,91.7,0,3,0.0,0,0.2,0.1,-0.2,1,2,1,1,3,Matches
191,Jonas Meffert,de GER,MF,Hamburger SV,31-004,1994,0.1,4,7,57.1,36,7,3,4,75.0,1,2,50.0,0,1,0.0,0,0.0,0.0,0.0,0,0,0,0,0,Matches
192,Connor Metcalfe,au AUS,MF,St. Pauli,25-307,1999,0.3,18,19,94.7,229,64,12,12,100.0,6,6,100.0,0,1,0.0,0,0.0,0.0,0.0,0,1,0,0,3,Matches
193,William Mikelbrencis,fr FRA,"DF,MF",Hamburger SV,21-195,2004,0.2,9,15,60.0,174,82,4,4,100.0,4,6,66.7,1,4,25.0,0,0.0,0.0,0.0,0,1,0,0,0,Matches
194,Kim Min-jae,kr KOR,DF,Bayern Munich,28-297,1996,0.3,20,20,100.0,323,92,10,10,100.0,10,10,100.0,0,0,,1,0.3,0.1,+0.7,1,1,0,0,0,Matches
195,Maximilian Mittelstädt,de GER,DF,Stuttgart,28-174,1997,1.8,148,171,86.5,2477,887,74,76,97.4,67,79,84.8,6,12,50.0,0,0.5,0.9,-0.5,6,12,8,5,23,Matches
196,Max Moerstedt,de GER,FW,Hoffenheim,,,0.2,2,3,66.7,16,0,2,2,100.0,0,1,0.0,0,0,,0,0.0,0.0,0.0,0,0,0,0,0,Matches
197,Miro Muheim,ch SUI,MF,Hamburger SV,27-168,1998,2.0,75,101,74.3,1138,317,38,43,88.4,32,36,88.9,3,18,16.7,0,0.2,0.3,-0.2,4,7,1,1,10,Matches
198,Phillipp Mwene,at AUT,"DF,MF",Mainz 05,31-222,1994,1.8,53,68,77.9,1100,372,18,19,94.7,27,34,79.4,8,14,57.1,0,0.4,0.5,-0.4,5,4,4,4,4,Matches
199,Joakim Mæhle,dk DEN,DF,Wolfsburg,28-111,1997,0.0,1,1,100.0,12,5,1,1,100.0,0,0,,0,0,,0,0.0,0.0,0.0,0,0,0,0,1,Matches
200,Nikolas Nartey,dk DEN,DF,Stuttgart,25-198,2000,0.2,8,10,80.0,144,27,3,4,75.0,5,5,100.0,0,1,0.0,0,0.0,0.0,0.0,0,0,0,0,0,Matches
201,Paul Nebel,de GER,MF,Mainz 05,22-333,2002,0.7,19,25,76.0,318,76,10,13,76.9,5,6,83.3,3,4,75.0,0,0.0,0.4,0.0,1,1,2,2,1,Matches
202,Kosta Nedeljković,rs SRB,DF,RB Leipzig,19-266,2005,0.0,1,1,100.0,11,2,1,1,100.0,0,0,,0,0,,0,0.0,0.0,0.0,0,0,0,0,0,Matches
203,Luca Netz,de GER,DF,Gladbach,22-116,2003,0.2,11,15,73.3,169,63,4,7,57.1,7,8,87.5,0,0,,0,0.0,0.0,0.0,0,1,0,0,0,Matches
204,Manuel Neuer,de GER,GK,Bayern Munich,39-165,1986,2.0,73,90,81.1,1962,1299,15,15,100.0,32,33,97.0,26,42,61.9,0,0.0,0.0,0.0,0,3,0,0,0,Matches
205,Florian Neuhaus,de GER,MF,Gladbach,28-176,1997,0.4,31,37,83.8,395,140,21,22,95.5,10,15,66.7,0,0,,0,0.0,0.0,0.0,1,3,1,0,5,Matches
206,Moritz Nicolas,de GER,GK,Gladbach,27-322,1997,2.0,58,67,86.6,1410,952,15,15,100.0,27,27,100.0,16,25,64.0,0,0.0,0.0,0.0,0,1,0,0,0,Matches
207,Julian Niehues,de GER,MF,Heidenheim,24-144,2001,0.4,11,13,84.6,213,87,4,5,80.0,6,6,100.0,1,2,50.0,0,0.2,0.2,-0.2,1,1,0,0,2,Matches
208,Justin Njinmah,de GER,FW,Werder Bremen,24-297,2000,1.7,24,34,70.6,342,74,12,16,75.0,9,10,90.0,1,4,25.0,0,0.0,0.0,0.0,0,1,0,0,2,Matches
209,Felix Nmecha,de GER,MF,Dortmund,24-333,2000,0.7,27,30,90.0,429,51,15,16,93.8,11,11,100.0,1,3,33.3,1,0.0,0.2,+1.0,1,2,1,0,2,Matches
210,Arnaud Nordin,fr FRA,FW,Mainz 05,27-083,1998,0.9,22,32,68.8,253,49,12,14,85.7,7,12,58.3,0,2,0.0,0,0.0,0.0,0.0,0,0,0,0,2,Matches
211,Alexander Nübel,de GER,GK,Stuttgart,28-343,1996,2.0,70,81,86.4,1838,1266,9,9,100.0,45,46,97.8,15,25,60.0,0,0.0,0.0,0.0,1,4,0,0,0,Matches
212,Antonio Nusa,no NOR,FW,RB Leipzig,20-144,2005,1.5,39,54,72.2,530,123,23,27,85.2,8,11,72.7,3,7,42.9,0,0.0,0.2,0.0,0,3,1,0,4,Matches
213,Michael Olise,fr FRA,"FW,MF",Bayern Munich,23-270,2001,2.0,92,110,83.6,1305,320,53,58,91.4,32,37,86.5,3,8,37.5,0,0.2,1.0,-0.2,3,10,5,0,10,Matches
214,Warmed Omari,km COM,DF,Hamburger SV,25-138,2000,2.0,87,100,87.0,1707,555,25,28,89.3,50,52,96.2,11,16,68.8,0,0.0,0.0,0.0,0,3,0,0,7,Matches
215,Loïs Openda,be BEL,FW,RB Leipzig,25-204,2000,0.6,13,16,81.3,204,12,5,6,83.3,4,4,100.0,2,3,66.7,0,0.0,0.3,0.0,1,0,2,0,2,Matches
216,Louis Oppie,de GER,DF,St. Pauli,23-114,2002,2.0,74,98,75.5,1014,365,48,54,88.9,21,29,72.4,3,4,75.0,0,0.0,0.1,0.0,1,5,1,1,5,Matches
217,Willi Orban,hu HUN,DF,RB Leipzig,32-309,1992,2.0,88,95,92.6,1594,515,37,38,97.4,44,45,97.8,6,10,60.0,0,0.1,0.0,-0.1,1,5,0,0,4,Matches
218,Assan Ouedraogo,de GER,MF,RB Leipzig,19-122,2006,0.1,5,7,71.4,83,38,2,3,66.7,3,4,75.0,0,0,,0,0.0,0.0,0.0,0,0,1,0,2,Matches
219,Salih Özcan,tr TUR,DF,Dortmund,27-240,1998,0.0,2,2,100.0,40,38,0,0,,2,2,100.0,0,0,,0,0.0,0.0,0.0,0,0,0,0,0,Matches
220,Cenk Özkacar,tr TUR,MF,Köln,24-337,2000,0.3,27,28,96.4,507,207,10,11,90.9,14,14,100.0,3,3,100.0,0,0.0,0.0,0.0,0,6,0,0,6,Matches
221,Exequiel Palacios,ar ARG,MF,Leverkusen,26-338,1998,0.3,24,25,96.0,389,158,11,11,100.0,11,11,100.0,1,1,100.0,0,0.0,0.1,0.0,0,4,1,0,4,Matches
222,Aleksandar Pavlovic,de GER,MF,Bayern Munich,21-128,2004,0.5,46,49,93.9,781,210,27,28,96.4,15,16,93.8,4,4,100.0,0,0.0,0.0,0.0,0,7,1,0,5,Matches
223,Dženan Pejčinović,de GER,FW,Wolfsburg,20-205,2005,1.5,20,29,69.0,256,37,14,17,82.4,5,9,55.6,0,0,,0,0.0,0.0,0.0,0,2,0,0,3,Matches
224,Mathias Pereira Lage,pt POR,"FW,MF",St. Pauli,28-282,1996,1.9,29,41,70.7,355,107,15,19,78.9,10,14,71.4,1,2,50.0,1,0.1,0.2,+0.9,3,3,2,1,4,Matches
225,Rayan Philippe,fr FRA,"FW,DF",Hamburger SV,24-320,2000,0.5,7,8,87.5,89,1,5,5,100.0,2,3,66.7,0,0,,0,0.0,0.0,0.0,0,0,0,0,0,Matches
226,Ernest Poku,nl NED,"MF,FW",Leverkusen,21-223,2004,0.7,20,29,69.0,352,84,9,10,90.0,9,13,69.2,1,2,50.0,0,0.0,0.1,0.0,0,1,2,0,3,Matches
227,Yussuf Poulsen,dk DEN,FW,Hamburger SV,31-085,1994,0.6,16,24,66.7,225,28,10,11,90.9,3,8,37.5,2,2,100.0,0,0.0,0.0,0.0,0,2,1,0,2,Matches
228,Alexander Prass,at AUT,"FW,DF",Hoffenheim,24-105,2001,0.2,10,12,83.3,137,49,7,7,100.0,1,1,100.0,1,2,50.0,0,0.0,0.0,0.0,1,1,0,0,2,Matches
229,Grischa Prömel,de GER,"MF,DF",Hoffenheim,30-242,1995,0.4,22,29,75.9,331,105,12,14,85.7,7,10,70.0,1,3,33.3,0,0.0,0.0,0.0,0,2,3,1,4,Matches
230,Arkadiusz Pyrka,pl POL,DF,St. Pauli,22-353,2002,1.5,76,85,89.4,1155,426,36,39,92.3,27,30,90.0,6,8,75.0,0,0.2,0.1,-0.2,3,2,4,1,8,Matches
231,Jarell Quansah,eng ENG,DF,Leverkusen,22-222,2003,2.0,143,160,89.4,2550,713,57,62,91.9,74,76,97.4,11,20,55.0,0,0.1,0.1,-0.1,1,11,0,0,7,Matches
232,Leopold Querfeld,at AUT,DF,Union Berlin,21-262,2003,2.0,53,56,94.6,1380,501,7,7,100.0,32,32,100.0,14,17,82.4,0,0.0,0.0,0.0,0,3,0,0,3,Matches
233,Diant Ramaj,de GER,GK,Heidenheim,23-354,2001,2.0,89,118,75.4,2581,1418,5,5,100.0,60,60,100.0,24,51,47.1,0,0.0,0.0,0.0,0,4,0,0,0,Matches
234,Grant Ranos,am ARM,DF,Gladbach,22-050,2003,0.1,4,6,66.7,38,11,4,4,100.0,0,1,0.0,0,1,0.0,0,0.0,0.0,0.0,0,0,0,0,0,Matches
235,David Raum,de GER,DF,RB Leipzig,27-139,1998,2.0,91,124,73.4,1785,743,33,43,76.7,47,55,85.5,11,23,47.8,1,0.5,0.6,+0.5,6,7,2,0,11,Matches
236,Rocco Reitz,de GER,MF,Gladbach,23-102,2002,1.9,81,101,80.2,1494,470,29,32,90.6,46,52,88.5,6,13,46.2,0,0.1,0.2,-0.1,2,10,4,1,15,Matches
237,Nicolai Remberg,de GER,MF,Hamburger SV,25-081,2000,2.0,61,74,82.4,1026,171,28,31,90.3,27,31,87.1,3,6,50.0,0,0.0,0.0,0.0,0,5,0,0,6,Matches
238,Elvis Rexhbeçaj,xk KVX,MF,Augsburg,27-311,1997,0.8,20,27,74.1,288,93,11,13,84.6,8,9,88.9,1,3,33.3,0,0.1,0.0,-0.1,2,1,1,0,3,Matches
239,Lars Ritzka,de GER,DF,St. Pauli,27-124,1998,0.1,9,11,81.8,208,68,2,2,100.0,5,6,83.3,2,3,66.7,0,0.0,0.0,0.0,0,1,0,0,1,Matches
240,Merlin Röhl,de GER,"FW,MF",Freiburg,23-065,2002,0.7,25,29,86.2,366,44,16,18,88.9,6,6,100.0,2,2,100.0,0,0.0,0.0,0.0,0,0,1,0,1,Matches
241,Rômulo,br BRA,FW,RB Leipzig,23-212,2002,1.4,26,35,74.3,379,90,17,22,77.3,5,5,100.0,3,4,75.0,0,0.1,0.1,-0.1,1,1,2,0,5,Matches
242,Tom Rothe,de GER,DF,Union Berlin,20-314,2004,2.0,46,57,80.7,824,270,18,21,85.7,22,25,88.0,4,8,50.0,0,0.0,0.0,0.0,1,5,0,0,5,Matches
243,Julian Ryerson,no NOR,DF,Dortmund,27-295,1997,0.2,21,21,100.0,323,61,11,11,100.0,9,9,100.0,0,0,,0,0.1,0.0,-0.1,1,4,1,0,4,Matches
244,Frederik Rønnow,dk DEN,GK,Union Berlin,33-035,1992,2.0,46,74,62.2,1616,1265,2,2,100.0,21,21,100.0,23,51,45.1,0,0.0,0.0,0.0,0,4,0,0,0,Matches
245,Alexander Røssing-Lelesiit,no NOR,FW,Hamburger SV,18-231,2007,1.4,19,24,79.2,340,77,5,6,83.3,8,8,100.0,3,6,50.0,0,0.0,0.0,0.0,0,0,1,1,0,Matches
246,Elias Saad,tn TUN,"FW,MF",Augsburg,25-255,1999,1.5,20,29,69.0,256,63,16,19,84.2,3,4,75.0,1,2,50.0,0,0.1,0.1,-0.1,2,0,0,0,2,Matches
247,Marcel Sabitzer,at AUT,MF,Dortmund,31-175,1994,1.9,69,82,84.1,1054,296,39,41,95.1,26,28,92.9,2,7,28.6,1,0.1,0.2,+0.9,1,9,3,2,12,Matches
248,Emir Sahiti,xk KVX,FW,Hamburger SV,26-283,1998,1.3,23,33,69.7,366,38,8,11,72.7,14,19,73.7,0,0,,0,0.0,0.0,0.0,1,2,1,0,1,Matches
249,Manolis Saliakas,gr GRE,DF,St. Pauli,28-361,1996,0.5,47,69,68.1,955,284,20,23,87.0,20,25,80.0,7,16,43.8,1,0.1,0.1,+0.9,2,6,3,0,7,Matches
250,Philipp Sander,de GER,MF,Gladbach,27-199,1998,1.9,101,112,90.2,1825,466,39,42,92.9,51,58,87.9,9,10,90.0,0,0.0,0.1,0.0,0,13,0,0,8,Matches
251,James Sands,us USA,MF,St. Pauli,25-064,2000,2.0,64,85,75.3,972,291,35,42,83.3,25,32,78.1,3,5,60.0,0,0.0,0.1,0.0,0,6,1,0,6,Matches
252,Kaishu Sano,jp JPN,MF,Mainz 05,24-252,2000,2.0,52,64,81.3,911,302,21,26,80.8,19,21,90.5,7,9,77.8,0,0.0,0.3,0.0,1,7,2,0,10,Matches
253,Joe Scally,us USA,DF,Gladbach,22-251,2002,1.9,96,111,86.5,1672,441,37,39,94.9,54,58,93.1,4,10,40.0,0,0.2,0.4,-0.2,2,8,2,1,10,Matches
254,András Schäfer,hu HUN,MF,Union Berlin,26-148,1999,1.0,9,19,47.4,107,19,7,7,100.0,2,8,25.0,0,3,0.0,0,0.0,0.0,0.0,0,0,0,0,1,Matches
255,Derry Scherhant,de GER,MF,Freiburg,22-302,2002,0.1,1,2,50.0,10,0,1,1,100.0,0,1,0.0,0,0,,0,0.0,0.0,0.0,0,0,0,0,0,Matches
256,Patrik Schick,cz CZE,FW,Leverkusen,29-227,1996,2.0,25,29,86.2,362,33,14,14,100.0,9,12,75.0,1,1,100.0,0,0.0,0.5,0.0,0,0,0,0,1,Matches
257,Xaver Schlager,at AUT,MF,RB Leipzig,27-345,1997,1.8,85,91,93.4,1280,374,52,56,92.9,29,30,96.7,4,5,80.0,0,0.3,0.5,-0.3,4,9,6,1,14,Matches
258,Keven Schlotterbeck,de GER,DF,Augsburg,28-133,1997,2.0,69,87,79.3,1301,519,25,31,80.6,38,42,90.5,5,11,45.5,0,0.0,0.0,0.0,0,5,0,0,3,Matches
259,Romano Schmid,at AUT,MF,Werder Bremen,25-224,2000,2.0,69,100,69.0,1113,433,39,47,83.0,19,29,65.5,7,13,53.8,0,0.2,1.0,-0.2,2,9,11,2,21,Matches
260,Isaac Schmidt,ch SUI,MF,Werder Bremen,25-275,1999,0.2,8,9,88.9,128,10,6,7,85.7,2,2,100.0,0,0,,0,0.0,0.0,0.0,1,0,0,0,1,Matches
261,Joël Schmied,ch SUI,DF,Köln,26-350,1998,1.5,33,40,82.5,550,121,16,17,94.1,16,18,88.9,1,5,20.0,0,0.0,0.0,0.0,0,2,0,0,1,Matches
262,Jan Schöppner,de GER,MF,Heidenheim,26-088,1999,1.0,18,26,69.2,317,45,7,9,77.8,10,13,76.9,1,3,33.3,0,0.0,0.0,0.0,0,2,0,0,2,Matches
263,Marvin Schwäbe,de GER,GK,Köln,30-136,1995,2.0,51,88,58.0,1651,1242,5,5,100.0,26,26,100.0,20,56,35.7,0,0.0,0.0,0.0,0,2,0,0,0,Matches
264,Léo Scienza,br BRA,"MF,FW",Heidenheim,26-360,1998,2.0,32,52,61.5,592,142,10,14,71.4,17,22,77.3,3,12,25.0,0,1.1,0.4,-1.1,3,1,4,1,3,Matches
265,Sebastian Sebulonsen,no NOR,DF,Köln,25-224,2000,1.8,35,46,76.1,506,150,21,25,84.0,8,11,72.7,3,7,42.9,0,0.1,0.1,-0.1,1,2,1,0,1,Matches
266,Nicolas Seiwald,at AUT,MF,RB Leipzig,24-127,2001,1.2,44,50,88.0,665,192,26,26,100.0,14,19,73.7,3,4,75.0,0,0.0,0.2,0.0,1,4,1,0,3,Matches
267,Armindo Sieb,de GER,"FW,MF",Mainz 05,22-203,2003,0.3,7,9,77.8,53,24,4,4,100.0,1,2,50.0,0,0,,0,0.0,0.0,0.0,1,1,1,1,0,Matches
268,Tim Siersleben,de GER,DF,Heidenheim,25-183,2000,0.9,24,30,80.0,441,86,9,9,100.0,14,16,87.5,1,5,20.0,0,0.0,0.0,0.0,0,2,0,0,1,Matches
269,Xavi Simons,nl NED,MF,RB Leipzig,22-140,2003,1.0,33,39,84.6,524,165,14,15,93.3,16,16,100.0,1,3,33.3,0,0.0,0.0,0.0,1,2,1,0,5,Matches
270,Danel Sinani,lu LUX,"MF,FW",St. Pauli,28-156,1997,2.0,74,99,74.7,1334,527,40,47,85.1,20,23,87.0,13,26,50.0,1,0.4,0.7,+0.6,6,11,5,1,15,Matches
271,Tim Skarke,de GER,DF,Union Berlin,29-001,1996,0.3,6,10,60.0,138,9,0,1,0.0,5,5,100.0,1,2,50.0,0,0.0,0.0,0.0,0,0,0,0,0,Matches
272,Andreas Skov Olsen,dk DEN,FW,Wolfsburg,25-253,1999,1.5,41,47,87.2,629,144,22,25,88.0,16,17,94.1,3,4,75.0,0,0.5,0.7,-0.5,4,1,3,1,4,Matches
273,Robert Skov,dk DEN,DF,Union Berlin,29-111,1996,1.5,27,45,60.0,442,187,14,15,93.3,9,18,50.0,3,8,37.5,0,0.0,0.0,0.0,1,2,2,2,0,Matches
274,Eric Smith,se SWE,DF,St. Pauli,28-243,1997,2.0,113,132,85.6,2366,778,32,35,91.4,57,59,96.6,20,33,60.6,0,0.0,0.1,0.0,0,9,1,0,1,Matches
275,Vinicius Souza,br BRA,MF,Wolfsburg,26-083,1999,2.0,46,53,86.8,722,233,23,24,95.8,21,22,95.5,1,4,25.0,0,0.0,0.1,0.0,0,1,0,0,3,Matches
276,Otto Stange,de GER,MF,Hamburger SV,18-211,2007,0.2,1,2,50.0,26,21,0,1,0.0,1,1,100.0,0,0,,0,0.0,0.0,0.0,0,0,0,0,0,Matches
277,Josip Stanišić,hr CRO,DF,Bayern Munich,25-159,2000,2.0,88,108,81.5,1320,313,51,58,87.9,33,38,86.8,2,7,28.6,0,0.0,0.0,0.0,0,8,0,0,6,Matches
278,Niklas Stark,de GER,DF,Werder Bremen,30-147,1995,1.5,74,80,92.5,1583,501,18,19,94.7,45,47,95.7,10,12,83.3,0,0.0,0.0,0.0,0,4,0,0,6,Matches
279,Angelo Stiller,de GER,MF,Stuttgart,24-157,2001,2.0,156,177,88.1,2545,718,76,83,91.6,65,70,92.9,11,17,64.7,0,0.2,0.3,-0.2,3,8,1,0,10,Matches
280,Kevin Stöger,at AUT,MF,Gladbach,32-012,1993,1.6,58,83,69.9,1003,349,29,32,90.6,22,27,81.5,7,19,36.8,0,0.5,0.5,-0.5,4,7,3,0,7,Matches
281,Yukinari Sugawara,jp JPN,DF,Werder Bremen,25-072,2000,1.0,47,54,87.0,778,270,19,19,100.0,24,28,85.7,2,4,50.0,0,0.0,0.0,0.0,0,6,0,0,7,Matches
282,Yuito Suzuki,jp JPN,MF,Freiburg,23-318,2001,1.5,25,37,67.6,323,58,13,16,81.3,9,12,75.0,0,2,0.0,0,0.2,0.2,-0.2,3,2,0,0,3,Matches
283,Mattias Svanberg,se SWE,MF,Wolfsburg,26-246,1999,0.5,7,13,53.8,74,26,5,6,83.3,1,4,25.0,0,0,,0,0.0,0.0,0.0,0,2,0,0,2,Matches
284,Daniel Svensson,se SWE,DF,Dortmund,23-208,2002,2.0,99,115,86.1,1596,354,47,52,90.4,47,51,92.2,4,8,50.0,0,0.1,0.1,-0.1,2,6,1,1,6,Matches
285,Haris Tabakovic,ba BIH,FW,Gladbach,31-080,1994,0.9,3,6,50.0,30,0,3,3,100.0,0,2,0.0,0,0,,0,0.0,0.0,0.0,0,0,0,0,0,Matches
286,Jonathan Tah,de GER,DF,Bayern Munich,29-209,1996,1.7,97,102,95.1,1596,521,42,43,97.7,53,55,96.4,2,4,50.0,0,0.0,0.0,0.0,0,6,0,0,9,Matches
287,Axel Tapé,fr FRA,DF,Leverkusen,18-029,2007,0.8,40,44,90.9,636,62,18,20,90.0,20,20,100.0,1,2,50.0,0,0.0,0.0,0.0,0,3,0,0,1,Matches
288,Edmond Tapsoba,bf BFA,DF,Leverkusen,26-218,1999,2.0,171,190,90.0,2907,1367,83,85,97.6,70,74,94.6,14,25,56.0,0,0.0,0.0,0.0,1,11,0,0,10,Matches
289,Nathan Tella,ng NGA,"FW,MF",Leverkusen,26-065,1999,1.9,31,41,75.6,509,83,16,17,94.1,14,17,82.4,1,4,25.0,1,0.5,0.3,+0.5,2,1,0,0,5,Matches
290,Arthur Theate,be BEL,DF,Eint Frankfurt,25-106,2000,2.0,91,107,85.0,1590,799,46,48,95.8,36,42,85.7,8,13,61.5,0,0.0,0.1,0.0,0,8,2,0,10,Matches
291,Jan Thielmann,de GER,"FW,MF",Köln,23-105,2002,1.5,18,29,62.1,344,70,7,10,70.0,7,9,77.8,3,5,60.0,1,0.3,0.1,+0.7,3,1,1,1,2,Matches
292,Phillip Tietz,de GER,"MF,FW",Augsburg,28-061,1997,0.6,12,17,70.6,147,28,5,9,55.6,5,5,100.0,0,0,,0,0.0,0.0,0.0,0,1,1,0,2,Matches
293,Malik Tillman,us USA,MF,Leverkusen,23-103,2002,0.7,24,30,80.0,322,14,17,18,94.4,4,6,66.7,2,2,100.0,0,0.0,0.0,0.0,0,1,0,0,1,Matches
294,Umut Tohumcu,de GER,MF,Hoffenheim,21-028,2004,1.1,29,37,78.4,526,128,10,10,100.0,15,17,88.2,3,3,100.0,0,0.0,0.0,0.0,0,2,0,0,4,Matches
295,Tiago Tomás,pt POR,"MF,FW",Stuttgart,23-084,2002,1.1,24,30,80.0,322,20,13,16,81.3,5,7,71.4,2,2,100.0,0,0.1,0.0,-0.1,2,1,0,0,3,Matches
296,Jordan Torunarigha,de GER,DF,Hamburger SV,28-032,1997,2.0,117,143,81.8,2329,1006,43,44,97.7,56,64,87.5,16,27,59.3,0,0.0,0.1,0.0,0,16,0,0,17,Matches
297,Bazoumana Touré,ci CIV,FW,Hoffenheim,19-190,2006,2.0,40,61,65.6,706,164,17,25,68.0,14,17,82.4,5,9,55.6,1,0.2,0.2,+0.8,4,2,5,4,3,Matches
298,Omar Traoré,de GER,DF,Heidenheim,27-216,1998,0.5,24,30,80.0,398,129,9,10,90.0,14,17,82.4,1,3,33.3,0,0.0,0.2,0.0,1,2,2,2,1,Matches
299,Philipp Treu,de GER,MF,Freiburg,24-279,2000,0.1,7,8,87.5,84,7,6,6,100.0,1,1,100.0,0,0,,0,0.0,0.0,0.0,0,1,0,0,0,Matches
300,Christopher Trimmel,at AUT,DF,Union Berlin,38-196,1987,1.6,40,73,54.8,1064,585,7,9,77.8,18,29,62.1,15,32,46.9,0,0.4,0.3,-0.4,5,2,1,1,3,Matches
301,Lukas Ullrich,de GER,DF,Gladbach,21-176,2004,1.8,67,84,79.8,1104,294,32,33,97.0,32,37,86.5,3,12,25.0,0,0.1,0.1,-0.1,3,5,3,0,6,Matches
302,Deniz Undav,de GER,MF,Stuttgart,29-051,1996,1.1,40,54,74.1,711,174,17,19,89.5,18,23,78.3,4,10,40.0,0,0.0,0.1,0.0,1,5,2,0,5,Matches
303,Dayot Upamecano,fr FRA,DF,Bayern Munich,26-316,1998,2.0,149,166,89.8,2782,758,52,54,96.3,85,92,92.4,12,18,66.7,0,0.0,0.0,0.0,0,6,0,0,8,Matches
304,Can Uzun,tr TUR,MF,Eint Frankfurt,19-301,2005,1.5,51,64,79.7,638,167,28,33,84.8,18,22,81.8,0,3,0.0,2,0.9,0.7,+1.1,2,6,0,0,7,Matches
305,Josha Vagnoman,de GER,DF,Stuttgart,24-271,2000,1.8,63,73,86.3,929,218,37,38,97.4,24,29,82.8,1,3,33.3,0,0.1,0.3,-0.1,2,1,1,0,5,Matches
306,Nikola Vasilj,ba BIH,GK,St. Pauli,29-280,1995,2.0,52,67,77.6,1101,717,12,12,100.0,31,31,100.0,8,23,34.8,0,0.0,0.0,0.0,0,1,0,0,0,Matches
307,Nikolas Veratschnig,at AUT,MF,Mainz 05,22-227,2003,0.2,10,13,76.9,142,38,6,7,85.7,4,5,80.0,0,0,,0,0.0,0.0,0.0,0,1,0,0,2,Matches
308,Elye Wahi,fr FRA,FW,Eint Frankfurt,22-249,2003,1.2,17,23,73.9,232,73,12,16,75.0,4,5,80.0,1,2,50.0,0,0.1,0.0,-0.1,2,3,1,0,3,Matches
309,Hauke Wahl,de GER,DF,St. Pauli,31-146,1994,2.0,112,133,84.2,1997,784,44,48,91.7,56,61,91.8,8,20,40.0,0,0.0,0.1,0.0,0,9,1,0,8,Matches
310,Luca Waldschmidt,de GER,DF,Köln,29-112,1996,0.2,4,6,66.7,73,45,3,4,75.0,0,1,0.0,1,1,100.0,1,0.4,0.3,+0.6,1,2,1,1,0,Matches
311,Nelson Weiper,de GER,FW,Mainz 05,20-175,2005,1.6,22,28,78.6,305,44,10,14,71.4,8,9,88.9,1,2,50.0,0,0.1,0.1,-0.1,2,2,0,0,3,Matches
312,Silvan Widmer,ch SUI,DF,Mainz 05,32-187,1993,0.3,10,23,43.5,148,60,7,9,77.8,2,5,40.0,1,6,16.7,0,0.0,0.0,0.0,0,0,0,0,1,Matches
313,Patrick Wimmer,at AUT,FW,Wolfsburg,24-101,2001,2.0,35,56,62.5,546,178,17,25,68.0,15,21,71.4,2,7,28.6,1,0.0,0.1,+1.0,1,3,2,0,6,Matches
314,Jonas Wind,dk DEN,MF,Wolfsburg,26-213,1999,0.0,0,2,0.0,0,0,0,0,,0,2,0.0,0,0,,0,0.0,0.0,0.0,0,0,0,0,0,Matches
315,Marius Wolf,de GER,"MF,DF",Augsburg,30-104,1995,1.4,17,33,51.5,339,167,7,11,63.6,8,13,61.5,2,5,40.0,0,0.1,0.1,-0.1,2,1,2,2,1,Matches
316,Nick Woltemade,de GER,FW,Stuttgart,23-206,2002,1.0,5,9,55.6,56,12,4,7,57.1,1,1,100.0,0,0,,0,0.1,0.1,-0.1,1,0,1,0,1,Matches
317,Jeong Woo-yeong,kr KOR,MF,Union Berlin,25-353,1999,0.3,7,9,77.8,119,46,3,4,75.0,4,4,100.0,0,1,0.0,0,0.1,0.3,-0.1,1,0,1,1,2,Matches
318,Aaron Zehnter,de GER,DF,Wolfsburg,20-312,2004,2.0,77,101,76.2,1483,479,32,36,88.9,34,38,89.5,10,21,47.6,0,0.2,0.2,-0.2,2,3,0,0,3,Matches
319,Robin Zentner,de GER,GK,Mainz 05,30-315,1994,2.0,52,69,75.4,1566,1265,14,14,100.0,15,15,100.0,22,38,57.9,0,0.0,0.0,0.0,0,4,0,0,0,Matches
320,Cedric Zesiger,ch SUI,DF,Augsburg,27-076,1998,0.1,0,2,0.0,0,0,0,2,0.0,0,0,,0,0,,0,0.0,0.0,0.0,0,0,0,0,0,Matches
321,Michael Zetterer,de GER,GK,Eint Frankfurt,30-058,1995,2.0,61,76,80.3,1827,1289,7,7,100.0,29,29,100.0,25,40,62.5,0,0.0,0.0,0.0,0,3,0,0,0,Matches
322,Budu Zivzivadze,ge GEO,FW,Heidenheim,31-182,1994,1.2,9,14,64.3,168,18,3,5,60.0,5,7,71.4,1,1,100.0,0,0.0,0.0,0.0,1,1,1,0,2,Matches
